,acronym,wiki_counts,inss_counts,fauda_counts,teheran_counts,total_counts
0,"לא""י",65.0,0.0,0.0,0.0,65.0
1,"והקב""ה",6.0,0.0,0.0,0.0,6.0
2,"ה""א",41.0,0.0,0.0,0.0,41.0
3,"תקנ""ח",11.0,0.0,0.0,0.0,11.0
4,"יסו""ד",6.0,0.0,0.0,0.0,6.0
5,"כ""כ",47.0,0.0,0.0,0.0,47.0
6,"אהו""י",17.0,0.0,0.0,0.0,17.0
7,"מנצפ""ך",7.0,0.0,0.0,0.0,7.0
8,"השי""ן",10.0,0.0,0.0,0.0,10.0
9,"ל""ליגת",6.0,0.0,0.0,0.0,6.0
10,"לאו""ם",119.0,29.0,0.0,0.0,148.0
11,"איפא""ק",7.0,3.0,0.0,0.0,10.0
12,"דע""ת",11.0,0.0,0.0,0.0,11.0
13,"גח""ל",104.0,0.0,0.0,0.0,104.0
14,"לכ""ט",7.0,0.0,0.0,0.0,7.0
15,"הקרפ""ר",6.0,0.0,0.0,0.0,6.0
16,"הגח""ל",18.0,0.0,0.0,0.0,18.0
17,"ה""אל",9.0,1.0,0.0,0.0,10.0
18,"למג""ב",9.0,5.0,0.0,0.0,14.0
19,"בימ""מ",11.0,0.0,0.0,0.0,11.0
20,"צה""ליות",5.0,1.0,0.0,0.0,6.0
21,"הראב""ן",11.0,0.0,0.0,0.0,11.0
22,"הימ""מ",217.0,1.0,3.0,0.0,221.0
23,"הימ""ס",12.0,0.0,0.0,0.0,12.0
24,"והימ""ס",6.0,0.0,0.0,0.0,6.0
25,"הרמטכ""לים",8.0,2.0,0.0,0.0,10.0
26,"הראבי""ה",6.0,0.0,0.0,0.0,6.0
27,"מזל""טים",14.0,0.0,0.0,0.0,14.0
28,"במטכ""ל",57.0,5.0,0.0,0.0,62.0
29,"תשמ""א",148.0,0.0,0.0,0.0,148.0
30,"תשל""ה",99.0,0.0,0.0,0.0,99.0
31,"תשל""ט",124.0,0.0,0.0,0.0,124.0
32,"ל""רוח",6.0,2.0,0.0,0.0,8.0
33,"פת""ח",140.0,158.0,3.0,0.0,301.0
34,"תשל""ח",148.0,0.0,0.0,0.0,148.0
35,"כ""כפר",10.0,0.0,0.0,0.0,10.0
36,"יע""ל",11.0,0.0,0.0,0.0,11.0
37,"קג""ם",10.0,0.0,0.0,0.0,10.0
38,"תשפ""ג",112.0,0.0,0.0,0.0,112.0
39,"היחצ""א",7.0,0.0,0.0,0.0,7.0
40,"הבא""ח",8.0,0.0,0.0,0.0,8.0
41,"וסה""כ",5.0,1.0,0.0,0.0,6.0
42,"שבג""ץ",14.0,1.0,0.0,0.0,15.0
43,"לוט""ר",29.0,0.0,0.0,0.0,29.0
44,"ל""מים",7.0,0.0,0.0,0.0,7.0
45,"ו""יום",10.0,0.0,0.0,0.0,10.0
46,"ל""מלחמה",7.0,2.0,0.0,0.0,9.0
47,"בכ""ג",31.0,0.0,0.0,0.0,31.0
48,"חו""ל",49.0,8.0,0.0,0.0,57.0
49,"ב""תקופת",11.0,2.0,0.0,0.0,13.0
50,"הריטב""א",17.0,0.0,0.0,0.0,17.0
51,"ב""מהפכה",6.0,1.0,0.0,0.0,7.0
52,"ש""הוא",15.0,1.0,0.0,0.0,16.0
53,"כ""לא",34.0,1.0,0.0,0.0,35.0
54,"ריב""ז",11.0,0.0,0.0,0.0,11.0
55,"רמב""ע",23.0,0.0,0.0,0.0,23.0
56,"ורמב""ם",6.0,0.0,0.0,0.0,6.0
57,"תק""א",6.0,0.0,0.0,0.0,6.0
58,"ל""שער",8.0,0.0,0.0,0.0,8.0
59,"י""ד",205.0,0.0,0.0,0.0,205.0
60,"והשל""ה",7.0,0.0,0.0,0.0,7.0
61,"ר""ח",7.0,0.0,0.0,0.0,7.0
62,"ל""קרן",6.0,0.0,0.0,0.0,6.0
63,"להט""בית",13.0,0.0,0.0,0.0,13.0
64,"כ""חברה",6.0,0.0,0.0,0.0,6.0
65,"והנדל""ן",7.0,0.0,0.0,0.0,7.0
66,"בתמ""ג",32.0,3.0,0.0,0.0,35.0
67,"ש""ה",13.0,0.0,0.0,0.0,13.0
68,"ו""בעל",6.0,0.0,0.0,0.0,6.0
69,"כ""א",184.0,1.0,0.0,0.0,185.0
70,"ל""מפלגה",8.0,0.0,0.0,0.0,8.0
71,"למלש""בים",7.0,0.0,0.0,0.0,7.0
72,"המל""ל",3.0,24.0,0.0,0.0,27.0
73,"והראי""ה",6.0,0.0,0.0,0.0,6.0
74,"לאופ""א",12.0,0.0,0.0,0.0,12.0
75,"תקכ""א",6.0,0.0,0.0,0.0,6.0
76,"תקל""ד",6.0,0.0,0.0,0.0,6.0
77,"תקמ""ט",6.0,0.0,0.0,0.0,6.0
78,"פיפ""א",230.0,2.0,0.0,0.0,232.0
79,"ש""צ",12.0,0.0,0.0,0.0,12.0
80,"תקט""ו",7.0,0.0,0.0,0.0,7.0
81,"תקע""ד",7.0,0.0,0.0,0.0,7.0
82,"נגמ""ש",119.0,1.0,0.0,0.0,120.0
83,"המתנ""ס",36.0,0.0,0.0,0.0,36.0
84,"הרמ""א",139.0,0.0,0.0,0.0,139.0
85,"מזקו""ם",29.0,0.0,0.0,0.0,29.0
86,"תל""י",33.0,0.0,0.0,0.0,33.0
87,"רש""ל",10.0,0.0,0.0,0.0,10.0
88,"בחי""ר",19.0,1.0,0.0,0.0,20.0
89,"המזקו""ם",21.0,0.0,0.0,0.0,21.0
90,"יש""י",8.0,0.0,0.0,0.0,8.0
91,"ונגמ""שי",6.0,0.0,0.0,0.0,6.0
92,"התשמ""ד",7.0,0.0,0.0,0.0,7.0
93,"רק""מ",27.0,1.0,0.0,0.0,28.0
94,"כ""בירת",6.0,1.0,0.0,0.0,7.0
95,"הגר""א",311.0,0.0,0.0,0.0,311.0
96,"ב""ז",32.0,0.0,0.0,0.0,32.0
97,"ח""ש",15.0,0.0,0.0,0.0,15.0
98,"תע""ש",52.0,0.0,0.0,0.0,52.0
99,"מד""צים",7.0,0.0,0.0,0.0,7.0
100,"מצ""ח",15.0,1.0,0.0,0.0,16.0
101,"צי""ד",16.0,1.0,0.0,0.0,17.0
102,"נגמ""שי",37.0,1.0,0.0,0.0,38.0
103,"הנמ""ר",49.0,1.0,0.0,0.0,50.0
104,"י""ב",293.0,4.0,0.0,0.0,297.0
105,"החפ""ק",7.0,0.0,0.0,0.0,7.0
106,"הצה""לית",27.0,5.0,0.0,0.0,32.0
107,"ב""אקול",10.0,0.0,0.0,0.0,10.0
108,"קכ""ו",7.0,0.0,0.0,0.0,7.0
109,"בי""ס",55.0,0.0,0.0,0.0,55.0
110,"בי""ז",34.0,0.0,0.0,0.0,34.0
111,"ב""גן",11.0,0.0,0.0,0.0,11.0
112,"חט""ב",8.0,0.0,0.0,0.0,8.0
113,"ול""ג",8.0,0.0,0.0,0.0,8.0
114,"ב""מדריך",11.0,0.0,0.0,0.0,11.0
115,"ב""פלסטין",2.0,4.0,0.0,0.0,6.0
116,"הש""צ",10.0,0.0,0.0,0.0,10.0
117,"ה""אתה",9.0,0.0,0.0,0.0,9.0
118,"לאר""י",6.0,0.0,0.0,0.0,6.0
119,"רנ""ג",12.0,0.0,0.0,0.0,12.0
120,"תרפ""א",121.0,0.0,0.0,0.0,121.0
121,"הי""ז",7.0,0.0,0.0,0.0,7.0
122,"מל""ל",36.0,2.0,0.0,0.0,38.0
123,"בכ""ז",25.0,0.0,0.0,0.0,25.0
124,"תושב""ע",8.0,0.0,0.0,0.0,8.0
125,"תר""פ",74.0,0.0,0.0,0.0,74.0
126,"ב""הר",8.0,0.0,0.0,0.0,8.0
127,"רד""צ",55.0,0.0,0.0,0.0,55.0
128,"שי""ח",8.0,0.0,0.0,0.0,8.0
129,"ש""אינו",5.0,1.0,0.0,0.0,6.0
130,"בפיפ""א",10.0,1.0,0.0,0.0,11.0
131,"ה""גרנד",6.0,0.0,0.0,0.0,6.0
132,"ו""כל",15.0,0.0,0.0,0.0,15.0
133,"התשס""ה",17.0,0.0,0.0,0.0,17.0
134,"כא""מ",11.0,0.0,0.0,0.0,11.0
135,"תנ""כיים",33.0,0.0,0.0,0.0,33.0
136,"ולח""י",59.0,0.0,0.0,0.0,59.0
137,"לאצ""ל",42.0,0.0,0.0,0.0,42.0
138,"כ""בעל",6.0,0.0,0.0,0.0,6.0
139,"לח""י",208.0,0.0,0.0,0.0,208.0
140,"ש""זה",8.0,0.0,0.0,0.0,8.0
141,"בחז""ל",65.0,0.0,0.0,0.0,65.0
142,"כ""נשיא",7.0,1.0,0.0,0.0,8.0
143,"בכ""א",32.0,0.0,0.0,0.0,32.0
144,"תכ""ו",8.0,0.0,0.0,0.0,8.0
145,"ה""חופש",6.0,0.0,0.0,0.0,6.0
146,"ב""אולד",6.0,0.0,0.0,0.0,6.0
147,"תל""ז",7.0,0.0,0.0,0.0,7.0
148,"ר""י",38.0,0.0,0.0,0.0,38.0
149,"האי""ל",38.0,0.0,0.0,0.0,38.0
150,"האצ""י",14.0,0.0,0.0,0.0,14.0
151,"לרשב""א",7.0,0.0,0.0,0.0,7.0
152,"החיד""א",61.0,0.0,0.0,0.0,61.0
153,"ל""ממשלת",1.0,5.0,0.0,0.0,6.0
154,"מ""א",37.0,0.0,0.0,0.0,37.0
155,"הי""ט",17.0,0.0,0.0,0.0,17.0
156,"כ""אדם",16.0,1.0,0.0,0.0,17.0
157,"יוניצ""ף",21.0,1.0,0.0,0.0,22.0
158,"ב""תוכנית",10.0,3.0,0.0,0.0,13.0
159,"לפלמ""ח",58.0,0.0,0.0,0.0,58.0
160,"מפא""י",781.0,1.0,0.0,0.0,782.0
161,"פ""ב",7.0,0.0,0.0,0.0,7.0
162,"מפ""ם",409.0,0.0,0.0,0.0,409.0
163,"יח""ל",41.0,0.0,0.0,0.0,41.0
164,"ימ""ר",8.0,1.0,0.0,0.0,9.0
165,"ב""גלריה",6.0,0.0,0.0,0.0,6.0
166,"ה""רדי",7.0,0.0,0.0,0.0,7.0
167,"תרל""ה",14.0,0.0,0.0,0.0,14.0
168,"פ""מ",7.0,0.0,0.0,0.0,7.0
169,"תר""ן",27.0,0.0,0.0,0.0,27.0
170,"ריב""ג",6.0,0.0,0.0,0.0,6.0
171,"תרס""ז",27.0,0.0,0.0,0.0,27.0
172,"באק""ג",8.0,0.0,0.0,0.0,8.0
173,"ב""ישראל",6.0,0.0,0.0,0.0,6.0
174,"תר""ע",41.0,0.0,0.0,0.0,41.0
175,"ש""אני",5.0,1.0,0.0,0.0,6.0
176,"ה""חזון",15.0,0.0,0.0,0.0,15.0
177,"מל""ח",1.0,12.0,0.0,0.0,13.0
178,"ב""היכל",13.0,0.0,0.0,0.0,13.0
179,"האג""ח",23.0,1.0,0.0,0.0,24.0
180,"מנאט""ו",4.0,3.0,0.0,0.0,7.0
181,"אג""ח",59.0,1.0,0.0,0.0,60.0
182,"מש""א",12.0,0.0,0.0,0.0,12.0
183,"המח""מ",8.0,0.0,0.0,0.0,8.0
184,"יעב""ץ",7.0,0.0,0.0,0.0,7.0
185,"באג""ח",6.0,0.0,0.0,0.0,6.0
186,"רס""ב",9.0,0.0,0.0,0.0,9.0
187,"ה""רגיל",7.0,0.0,0.0,0.0,7.0
188,"מק""מ",10.0,0.0,0.0,0.0,10.0
189,"לרמ""א",6.0,2.0,0.0,0.0,8.0
190,"ו""בלדה",7.0,0.0,0.0,0.0,7.0
191,"הקק""ל",59.0,0.0,0.0,0.0,59.0
192,"סמנכ""לית",5.0,2.0,0.0,0.0,7.0
193,"בינ""ל",17.0,5.0,0.0,0.0,22.0
194,"המלש""ב",8.0,0.0,0.0,0.0,8.0
195,"מלש""ב",7.0,1.0,0.0,0.0,8.0
196,"הגדס""ר",16.0,0.0,0.0,0.0,16.0
197,"פלחי""ק",7.0,0.0,0.0,0.0,7.0
198,"תר""א",8.0,0.0,0.0,0.0,8.0
199,"הרמח""ל",138.0,0.0,0.0,0.0,138.0
200,"לרמח""ל",12.0,0.0,0.0,0.0,12.0
201,"ונדל""ן",5.0,0.0,1.0,0.0,6.0
202,"ב""ה",8.0,0.0,0.0,0.0,8.0
203,"גאט""ט",7.0,0.0,0.0,0.0,7.0
204,"אס""ד",6.0,0.0,0.0,0.0,6.0
205,"כנ""ל",60.0,0.0,0.0,0.0,60.0
206,"ומל""טים",2.0,7.0,0.0,0.0,9.0
207,"לנאט""ו",46.0,21.0,0.0,0.0,67.0
208,"התשע""א",6.0,0.0,0.0,0.0,6.0
209,"ש""הם",7.0,1.0,0.0,0.0,8.0
210,"מהאו""ם",13.0,4.0,1.0,0.0,18.0
211,"ב""רצח",8.0,0.0,0.0,0.0,8.0
212,"נ""ד",8.0,0.0,0.0,0.0,8.0
213,"מל""ט",12.0,12.0,0.0,0.0,24.0
214,"ה""ציר",6.0,0.0,0.0,0.0,6.0
215,"הרמ""ה",7.0,0.0,0.0,0.0,7.0
216,"תרס""ב",33.0,0.0,0.0,0.0,33.0
217,"תשמ""ט",151.0,0.0,0.0,0.0,151.0
218,"א""ש",6.0,0.0,0.0,0.0,6.0
219,"השו""ת",120.0,0.0,0.0,0.0,120.0
220,"בדנ""א",9.0,0.0,0.0,0.0,9.0
221,"ו""תל",9.0,0.0,0.0,0.0,9.0
222,"בשו""ת",31.0,0.0,0.0,0.0,31.0
223,"הראב""ד",69.0,0.0,0.0,0.0,69.0
224,"גאב""ד",6.0,0.0,0.0,0.0,6.0
225,"חז""ל",1581.0,0.0,0.0,0.0,1581.0
226,"תש""ג",89.0,0.0,0.0,0.0,89.0
227,"סוק""ק",6.0,0.0,0.0,0.0,6.0
228,"ל""ציר",1.0,6.0,0.0,0.0,7.0
229,"ו""את",11.0,0.0,0.0,0.0,11.0
230,"ו""יש",10.0,0.0,0.0,0.0,10.0
231,"רח""ק",20.0,0.0,0.0,0.0,20.0
232,"תש""ם",93.0,0.0,0.0,0.0,93.0
233,"נמ""ג",6.0,0.0,0.0,0.0,6.0
234,"חמ""ד",11.0,0.0,0.0,0.0,11.0
235,"כ""תנועה",6.0,0.0,0.0,0.0,6.0
236,"ל""מצב",6.0,0.0,0.0,0.0,6.0
237,"תרפ""ח",69.0,0.0,0.0,0.0,69.0
238,"מ""ד",23.0,0.0,0.0,0.0,23.0
239,"תש""ב",94.0,0.0,0.0,0.0,94.0
240,"ע""ש",1285.0,14.0,0.0,0.0,1299.0
241,"תרס""ח",27.0,0.0,0.0,0.0,27.0
242,"תשנ""ג",160.0,0.0,0.0,0.0,160.0
243,"בקב""ה",9.0,0.0,0.0,0.0,9.0
244,"לת""א",11.0,1.0,0.0,0.0,12.0
245,"הבד""צ",9.0,0.0,0.0,0.0,9.0
246,"י""ל",216.0,0.0,0.0,0.0,216.0
247,"אב""י",93.0,0.0,0.0,0.0,93.0
248,"ב""עיתון",7.0,0.0,0.0,0.0,7.0
249,"בק""ג",11.0,0.0,0.0,0.0,11.0
250,"שהשב""כ",9.0,2.0,1.0,0.0,12.0
251,"הקמ""ג",11.0,0.0,0.0,0.0,11.0
252,"ב""קונטרס",6.0,0.0,0.0,0.0,6.0
253,"ל""עסק",7.0,0.0,0.0,0.0,7.0
254,"תשס""ז",211.0,0.0,0.0,0.0,211.0
255,"שהאו""ם",7.0,4.0,0.0,0.0,11.0
256,"נגמ""שים",77.0,1.0,0.0,0.0,78.0
257,"ו""השומר",7.0,0.0,0.0,0.0,7.0
258,"תמ""ל",7.0,0.0,0.0,0.0,7.0
259,"ב""ארץ",18.0,0.0,0.0,0.0,18.0
260,"ע""ה",16.0,0.0,0.0,0.0,16.0
261,"בסה""כ",132.0,2.0,0.0,0.0,134.0
262,"אית""ן",19.0,0.0,0.0,0.0,19.0
263,"כ""י",6.0,0.0,0.0,0.0,6.0
264,"נ""ו",15.0,0.0,0.0,0.0,15.0
265,"ב""ספר",41.0,3.0,0.0,0.0,44.0
266,"ו""זיכרון",6.0,0.0,0.0,0.0,6.0
267,"קי""ח",8.0,0.0,0.0,0.0,8.0
268,"ק""ו",7.0,0.0,0.0,0.0,7.0
269,"ל""אם",7.0,0.0,0.0,0.0,7.0
270,"הק""מ",11.0,1.0,0.0,0.0,12.0
271,"הגר""ח",9.0,0.0,0.0,0.0,9.0
272,"תש""ף",68.0,0.0,0.0,0.0,68.0
273,"תשפ""ד",24.0,0.0,0.0,0.0,24.0
274,"יו""דים",12.0,0.0,0.0,0.0,12.0
275,"ל""שר",8.0,0.0,0.0,0.0,8.0
276,"שמ""ר",8.0,0.0,0.0,0.0,8.0
277,"בי""ח",27.0,0.0,0.0,0.0,27.0
278,"כ""ראשון",7.0,0.0,0.0,0.0,7.0
279,"התשס""ח",24.0,1.0,0.0,0.0,25.0
280,"קי""ט",7.0,0.0,0.0,0.0,7.0
281,"ה""אמת",6.0,1.0,0.0,0.0,7.0
282,"מ""ח",28.0,1.0,0.0,0.0,29.0
283,"במע""מ",6.0,0.0,0.0,0.0,6.0
284,"ומע""מ",8.0,0.0,0.0,0.0,8.0
285,"ב""דרך",13.0,0.0,0.0,0.0,13.0
286,"ח""ב",13.0,0.0,0.0,0.0,13.0
287,"לרמטכ""ל",125.0,15.0,1.0,0.0,141.0
288,"ועו""ד",12.0,0.0,0.0,0.0,12.0
289,"פס""ד",14.0,0.0,0.0,0.0,14.0
290,"א""ע",11.0,0.0,0.0,0.0,11.0
291,"תרי""א",7.0,0.0,0.0,0.0,7.0
292,"הנח""לאים",14.0,0.0,0.0,0.0,14.0
293,"כשצה""ל",3.0,3.0,0.0,0.0,6.0
294,"אב""ד",76.0,0.0,0.0,0.0,76.0
295,"החת""ם",48.0,0.0,0.0,0.0,48.0
296,"והרמטכ""ל",54.0,13.0,0.0,0.0,67.0
297,"הרש""ש",23.0,0.0,0.0,0.0,23.0
298,"ת""פ",16.0,0.0,0.0,0.0,16.0
299,"תקל""ז",6.0,0.0,0.0,0.0,6.0
300,"יו""ש",25.0,2.0,0.0,0.0,27.0
301,"ש""י",191.0,1.0,0.0,0.0,192.0
302,"רשו""ת",8.0,0.0,0.0,0.0,8.0
303,"ני""ע",7.0,0.0,0.0,0.0,7.0
304,"האק""ג",8.0,0.0,0.0,0.0,8.0
305,"רוה""מ",5.0,0.0,2.0,0.0,7.0
306,"חל""צ",6.0,0.0,0.0,0.0,6.0
307,"ביו""ש",17.0,10.0,0.0,0.0,27.0
308,"ונח""ל",11.0,0.0,0.0,0.0,11.0
309,"המזכ""ל",38.0,10.0,0.0,0.0,48.0
310,"בבג""ץ",74.0,9.0,0.0,0.0,83.0
311,"הבט""ש",19.0,0.0,0.0,0.0,19.0
312,"ביש""ע",30.0,0.0,0.0,0.0,30.0
313,"רא""ם",41.0,0.0,0.0,0.0,41.0
314,"המל""ג",16.0,0.0,0.0,0.0,16.0
315,"מל""ג",6.0,0.0,0.0,0.0,6.0
316,"פא""י",30.0,0.0,0.0,0.0,30.0
317,"דו""חות",84.0,8.0,0.0,0.0,92.0
318,"הרש""פ",4.0,33.0,0.0,0.0,37.0
319,"הבית""רי",20.0,0.0,0.0,0.0,20.0
320,"הלמ""ס",87.0,25.0,0.0,0.0,112.0
321,"בת""א",45.0,0.0,0.0,0.0,45.0
322,"צל""ש",160.0,0.0,0.0,0.0,160.0
323,"מע""מ",61.0,7.0,0.0,0.0,68.0
324,"ורס""ן",6.0,5.0,0.0,0.0,11.0
325,"ב""מאזנים",14.0,0.0,0.0,0.0,14.0
326,"מק""י",112.0,0.0,0.0,0.0,112.0
327,"אתב""ש",7.0,0.0,0.0,0.0,7.0
328,"תר""ך",7.0,0.0,0.0,0.0,7.0
329,"כ""מדינה",5.0,8.0,0.0,0.0,13.0
330,"בשב""ס",8.0,0.0,0.0,0.0,8.0
331,"באמ""ן",42.0,10.0,0.0,0.0,52.0
332,"מג""ן",13.0,0.0,0.0,0.0,13.0
333,"ל""ארץ",18.0,0.0,0.0,0.0,18.0
334,"התנ""כית",30.0,2.0,0.0,0.0,32.0
335,"מג""ד",33.0,0.0,0.0,0.0,33.0
336,"התנ""כיים",11.0,0.0,0.0,0.0,11.0
337,"ב""ר",39.0,0.0,0.0,0.0,39.0
338,"ש""ג",8.0,0.0,0.0,0.0,8.0
339,"תקס""ו",8.0,0.0,0.0,0.0,8.0
340,"התשנ""ד",11.0,1.0,0.0,0.0,12.0
341,"כ""צבא",3.0,11.0,0.0,0.0,14.0
342,"סא""ל",254.0,20.0,0.0,0.0,274.0
343,"ש""אין",38.0,5.0,0.0,0.0,43.0
344,"ואש""ף",17.0,6.0,0.0,0.0,23.0
345,"ל""זכות",4.0,2.0,0.0,0.0,6.0
346,"ל""י",43.0,0.0,0.0,0.0,43.0
347,"הנגמ""ש",42.0,0.0,0.0,0.0,42.0
348,"כחי""ר",6.0,0.0,0.0,0.0,6.0
349,"ל""אדם",6.0,0.0,0.0,0.0,6.0
350,"חרל""פ",109.0,5.0,0.0,0.0,114.0
351,"ל""איחוד",10.0,0.0,0.0,0.0,10.0
352,"מהר""ץ",15.0,0.0,0.0,0.0,15.0
353,"לצה""ל",503.0,111.0,0.0,0.0,614.0
354,"המג""ד",48.0,0.0,0.0,0.0,48.0
355,"למזכ""ל",43.0,6.0,0.0,0.0,49.0
356,"ב""ויקיפדיה",6.0,0.0,0.0,0.0,6.0
357,"ליש""ט",247.0,2.0,0.0,0.0,249.0
358,"מהאצ""ל",13.0,0.0,0.0,0.0,13.0
359,"ב""הגנה",40.0,0.0,0.0,0.0,40.0
360,"מ""ישראל",6.0,0.0,0.0,0.0,6.0
361,"והלח""י",93.0,0.0,0.0,0.0,93.0
362,"הצ""ח",12.0,0.0,0.0,0.0,12.0
363,"רס""ן",144.0,2.0,0.0,0.0,146.0
364,"והצה""ר",6.0,0.0,0.0,0.0,6.0
365,"בית""רי",9.0,0.0,0.0,0.0,9.0
366,"גדנ""עים",9.0,0.0,0.0,0.0,9.0
367,"הצה""ר",80.0,0.0,0.0,0.0,80.0
368,"ובית""ר",37.0,0.0,0.0,0.0,37.0
369,"והפלמ""ח",22.0,0.0,0.0,0.0,22.0
370,"נ""א",36.0,1.0,0.0,0.0,37.0
371,"ב""שבת",8.0,0.0,0.0,0.0,8.0
372,"בית""רים",22.0,0.0,0.0,0.0,22.0
373,"בכ""ט",59.0,0.0,0.0,0.0,59.0
374,"ה""סוס",8.0,0.0,0.0,0.0,8.0
375,"בלח""י",13.0,0.0,0.0,0.0,13.0
376,"הל""ה",139.0,0.0,0.0,0.0,139.0
377,"ה""רן",6.0,0.0,0.0,0.0,6.0
378,"ה""לי",6.0,0.0,0.0,0.0,6.0
379,"פלמ""ח",123.0,0.0,0.0,0.0,123.0
380,"שהאצ""ל",12.0,0.0,0.0,0.0,12.0
381,"בתש""ח",42.0,0.0,0.0,0.0,42.0
382,"גדנ""ע",76.0,0.0,0.0,0.0,76.0
383,"ומפא""י",6.0,0.0,0.0,0.0,6.0
384,"ומק""י",24.0,0.0,0.0,0.0,24.0
385,"ב""מוזיאון",7.0,0.0,0.0,0.0,7.0
386,"בדר""כ",25.0,0.0,0.0,0.0,25.0
387,"ב""שינויים",7.0,0.0,0.0,0.0,7.0
388,"לסמ""ק",34.0,0.0,0.0,0.0,34.0
389,"ד""ש",73.0,0.0,5.0,0.0,78.0
390,"התשנ""ו",9.0,0.0,0.0,0.0,9.0
391,"הבג""צים",6.0,1.0,0.0,0.0,7.0
392,"ב""מוצא",14.0,0.0,0.0,0.0,14.0
393,"תשכ""ו",77.0,0.0,0.0,0.0,77.0
394,"ב""הבימה",20.0,0.0,0.0,0.0,20.0
395,"ו""ערב",7.0,0.0,0.0,0.0,7.0
396,"מ""ל",83.0,0.0,0.0,0.0,83.0
397,"תרס""ו",35.0,0.0,0.0,0.0,35.0
398,"ו""מי",7.0,0.0,0.0,0.0,7.0
399,"כ""פרשת",6.0,0.0,0.0,0.0,6.0
400,"אחה""צ",16.0,0.0,1.0,0.0,17.0
401,"ב""עושר",7.0,0.0,0.0,0.0,7.0
402,"ב""מועצת",9.0,1.0,0.0,0.0,10.0
403,"הנוע""ל",10.0,0.0,0.0,0.0,10.0
404,"ב""חדר",34.0,0.0,0.0,0.0,34.0
405,"התשכ""ח",8.0,0.0,0.0,0.0,8.0
406,"מח""ל",60.0,0.0,0.0,0.0,60.0
407,"תש""מ",44.0,0.0,0.0,0.0,44.0
408,"ה""מכבי",10.0,0.0,0.0,0.0,10.0
409,"כ""ט",131.0,0.0,0.0,0.0,131.0
410,"ו""ריקוד",9.0,0.0,0.0,0.0,9.0
411,"דוב""ב",7.0,0.0,0.0,0.0,7.0
412,"הר""ש",9.0,0.0,0.0,0.0,9.0
413,"בנח""ל",47.0,0.0,0.0,0.0,47.0
414,"הליש""ט",8.0,0.0,0.0,0.0,8.0
415,"המכ""מים",16.0,1.0,0.0,1.0,18.0
416,"כ""ס",93.0,1.0,0.0,0.0,94.0
417,"ח""נ",29.0,0.0,0.0,0.0,29.0
418,"הבג""ץ",6.0,0.0,0.0,0.0,6.0
419,"מל""טים",15.0,31.0,0.0,0.0,46.0
420,"מנכ""ל",483.0,43.0,0.0,0.0,526.0
421,"ב""היום",7.0,0.0,0.0,0.0,7.0
422,"מכ""מים",32.0,4.0,0.0,0.0,36.0
423,"סט""י",11.0,0.0,0.0,0.0,11.0
424,"האב""כ",23.0,0.0,0.0,0.0,23.0
425,"התנכ""י",22.0,0.0,0.0,0.0,22.0
426,"ל""שיר",12.0,0.0,0.0,0.0,12.0
427,"למנכ""ל",113.0,4.0,0.0,0.0,117.0
428,"לל""ג",10.0,0.0,0.0,0.0,10.0
429,"ו""סיפור",6.0,0.0,0.0,0.0,6.0
430,"ה""שפת",9.0,0.0,0.0,0.0,9.0
431,"ה""לב",6.0,0.0,0.0,0.0,6.0
432,"עב""מים",26.0,0.0,0.0,0.0,26.0
433,"ש""יש",11.0,1.0,0.0,0.0,12.0
434,"כ""בן",7.0,0.0,0.0,0.0,7.0
435,"רש""ר",29.0,0.0,0.0,0.0,29.0
436,"בי""ג",37.0,0.0,0.0,0.0,37.0
437,"רש""י",771.0,0.0,0.0,0.0,771.0
438,"זק""א",64.0,0.0,0.0,0.0,64.0
439,"שח""ר",13.0,0.0,0.0,0.0,13.0
440,"לימ""מ",16.0,0.0,0.0,0.0,16.0
441,"ו""רוח",6.0,0.0,0.0,0.0,6.0
442,"ו""אל",26.0,0.0,0.0,0.0,26.0
443,"חרד""לים",7.0,0.0,0.0,0.0,7.0
444,"וש""ס",6.0,2.0,0.0,0.0,8.0
445,"ו""נר",6.0,0.0,0.0,0.0,6.0
446,"תשנ""א",134.0,0.0,0.0,0.0,134.0
447,"השח""ם",14.0,0.0,0.0,0.0,14.0
448,"ורש""י",23.0,0.0,0.0,0.0,23.0
449,"המלבי""ם",46.0,0.0,0.0,0.0,46.0
450,"הרמב""ם",1359.0,0.0,0.0,0.0,1359.0
451,"הרד""ק",46.0,0.0,0.0,0.0,46.0
452,"שהרמב""ם",22.0,0.0,0.0,0.0,22.0
453,"ל""א",62.0,3.0,0.0,0.0,65.0
454,"מהר""ל",30.0,0.0,0.0,0.0,30.0
455,"לגר""א",8.0,0.0,0.0,0.0,8.0
456,"ברמב""ם",31.0,0.0,0.0,0.0,31.0
457,"בחב""ד",27.0,0.0,0.0,0.0,27.0
458,"מכ""מ",1.0,7.0,0.0,0.0,8.0
459,"מל""א",8.0,0.0,0.0,0.0,8.0
460,"יול""ב",18.0,0.0,0.0,0.0,18.0
461,"חב""ד",1061.0,1.0,0.0,0.0,1062.0
462,"הרמב""ן",329.0,0.0,0.0,0.0,329.0
463,"פלס""רי",6.0,0.0,0.0,0.0,6.0
464,"חל""כ",1.0,7.0,0.0,0.0,8.0
465,"של""ת",7.0,0.0,0.0,0.0,7.0
466,"הר""מ",6.0,0.0,0.0,0.0,6.0
467,"תשס""ח",231.0,0.0,0.0,0.0,231.0
468,"מד""א",69.0,9.0,0.0,0.0,78.0
469,"נ""צ",4.0,0.0,5.0,1.0,10.0
470,"ר""מים",10.0,0.0,0.0,0.0,10.0
471,"אכ""א",33.0,3.0,0.0,0.0,36.0
472,"בשל""ת",6.0,0.0,0.0,0.0,6.0
473,"אמ""ת",44.0,0.0,0.0,0.0,44.0
474,"תומ""ת",22.0,0.0,0.0,0.0,22.0
475,"הכטב""ם",4.0,2.0,0.0,0.0,6.0
476,"אירס""ו",6.0,0.0,0.0,0.0,6.0
477,"ה""קשת",6.0,0.0,0.0,0.0,6.0
478,"התומ""ת",14.0,0.0,0.0,0.0,14.0
479,"ל""טרור",3.0,3.0,0.0,0.0,6.0
480,"מש""ק",8.0,0.0,0.0,0.0,8.0
481,"מ""ט",25.0,0.0,0.0,0.0,25.0
482,"תהיל""ה",7.0,0.0,0.0,0.0,7.0
483,"תל""ג",12.0,2.0,0.0,0.0,14.0
484,"בע""מ",409.0,1.0,0.0,0.0,410.0
485,"האמל""ח",10.0,22.0,0.0,0.0,32.0
486,"תומ""תים",16.0,0.0,0.0,0.0,16.0
487,"טק""ק",3.0,13.0,0.0,0.0,16.0
488,"התומ""תים",8.0,0.0,0.0,0.0,8.0
489,"ב""ציר",6.0,6.0,0.0,0.0,12.0
490,"מח""י",2.0,12.0,0.0,0.0,14.0
491,"רש""ק",25.0,6.0,0.0,0.0,31.0
492,"ח""א",18.0,0.0,0.0,0.0,18.0
493,"ל""ערוץ",10.0,0.0,0.0,0.0,10.0
494,"ומנכ""ל",96.0,2.0,0.0,0.0,98.0
495,"הפלחי""ק",7.0,0.0,0.0,0.0,7.0
496,"הפלחה""ן",12.0,0.0,0.0,0.0,12.0
497,"שאש""ף",6.0,0.0,0.0,0.0,6.0
498,"שרמב""ן",10.0,0.0,0.0,0.0,10.0
499,"ב""רדיו",6.0,0.0,0.0,0.0,6.0
500,"שו""ב",16.0,0.0,0.0,0.0,16.0
501,"ל""יחידה",9.0,0.0,0.0,0.0,9.0
502,"מסת""ב",10.0,0.0,0.0,0.0,10.0
503,"ביל""ו",82.0,0.0,0.0,0.0,82.0
504,"בט""ש",49.0,2.0,0.0,0.0,51.0
505,"של""ג",18.0,0.0,0.0,0.0,18.0
506,"קד""ם",6.0,0.0,0.0,0.0,6.0
507,"בבא""ח",9.0,0.0,0.0,0.0,9.0
508,"לק""ג",22.0,0.0,0.0,0.0,22.0
509,"עמ""י",13.0,0.0,0.0,0.0,13.0
510,"פלחה""ן",28.0,0.0,0.0,0.0,28.0
511,"תנכ""י",6.0,0.0,0.0,0.0,6.0
512,"פלנ""ט",12.0,0.0,0.0,0.0,12.0
513,"בא""ח",16.0,0.0,0.0,0.0,16.0
514,"בנגמ""שי",11.0,0.0,0.0,0.0,11.0
515,"בנגמ""ש",11.0,0.0,0.0,0.0,11.0
516,"לנח""ל",13.0,0.0,0.0,0.0,13.0
517,"מהנח""ל",11.0,0.0,0.0,0.0,11.0
518,"יהל""ם",54.0,0.0,0.0,0.0,54.0
519,"הצל""שים",7.0,0.0,0.0,0.0,7.0
520,"רמטכ""לים",13.0,2.0,0.0,0.0,15.0
521,"הצה""לי",29.0,19.0,0.0,0.0,48.0
522,"לט""ו",30.0,0.0,0.0,0.0,30.0
523,"ו""ראש",10.0,0.0,0.0,0.0,10.0
524,"מהר""ם",50.0,0.0,0.0,0.0,50.0
525,"המל""ט",2.0,10.0,0.0,0.0,12.0
526,"המכ""ם",201.0,1.0,0.0,7.0,209.0
527,"הרע""ב",7.0,0.0,0.0,0.0,7.0
528,"א""י",144.0,0.0,0.0,0.0,144.0
529,"למתנ""סים",23.0,0.0,0.0,0.0,23.0
530,"תרצ""ב",54.0,0.0,0.0,0.0,54.0
531,"ב""קשת",16.0,0.0,0.0,0.0,16.0
532,"מלמ""ש",19.0,0.0,0.0,0.0,19.0
533,"קוט""ש",7.0,1.0,0.0,0.0,8.0
534,"ממ""ק",24.0,9.0,0.0,0.0,33.0
535,"הדו""חות",37.0,5.0,0.0,0.0,42.0
536,"ו""האם",6.0,0.0,0.0,0.0,6.0
537,"ה""נכונה",6.0,0.0,0.0,0.0,6.0
538,"תר""ס",21.0,0.0,0.0,0.0,21.0
539,"כרמטכ""ל",62.0,3.0,0.0,0.0,65.0
540,"ה""בריחה",8.0,0.0,0.0,0.0,8.0
541,"רמטכ""ל",79.0,24.0,0.0,0.0,103.0
542,"שהרמטכ""ל",5.0,9.0,0.0,0.0,14.0
543,"הרז""ה",8.0,0.0,0.0,0.0,8.0
544,"בדו""ח",193.0,63.0,0.0,0.0,256.0
545,"היעב""ץ",6.0,0.0,0.0,0.0,6.0
546,"והמנכ""ל",16.0,0.0,0.0,0.0,16.0
547,"החדו""א",10.0,0.0,0.0,0.0,10.0
548,"והמכ""ם",6.0,0.0,0.0,0.0,6.0
549,"הכטב""מים",1.0,29.0,0.0,0.0,30.0
550,"בכטב""מים",1.0,10.0,0.0,0.0,11.0
551,"הרבצ""ר",7.0,0.0,0.0,0.0,7.0
552,"ב""ועידת",6.0,2.0,0.0,0.0,8.0
553,"נאסד""ק",11.0,0.0,0.0,0.0,11.0
554,"דו""ח",648.0,101.0,0.0,0.0,749.0
555,"ל""חברה",7.0,0.0,0.0,0.0,7.0
556,"בנאסד""ק",25.0,0.0,0.0,0.0,25.0
557,"נ""י",7.0,0.0,0.0,0.0,7.0
558,"מטכ""לית",11.0,0.0,0.0,0.0,11.0
559,"ה""שביט",5.0,3.0,0.0,0.0,8.0
560,"בנאס""א",36.0,0.0,0.0,0.0,36.0
561,"מז""פ",8.0,1.0,1.0,0.0,10.0
562,"רגמ""ה",7.0,0.0,0.0,0.0,7.0
563,"במ""ח",13.0,0.0,0.0,0.0,13.0
564,"שנאס""א",9.0,0.0,0.0,0.0,9.0
565,"מאש""ף",6.0,0.0,0.0,0.0,6.0
566,"דוא""ל",28.0,2.0,0.0,0.0,30.0
567,"לסה""נ",21.0,0.0,0.0,0.0,21.0
568,"התנ""כי",100.0,0.0,0.0,0.0,100.0
569,"ה""טיטניק",10.0,0.0,0.0,0.0,10.0
570,"בתנ""ך",1173.0,1.0,0.0,0.0,1174.0
571,"יש""ע",126.0,0.0,0.0,0.0,126.0
572,"תמ""א",28.0,1.0,0.0,0.0,29.0
573,"לראי""ה",7.0,0.0,0.0,0.0,7.0
574,"האס""ד",6.0,0.0,0.0,0.0,6.0
575,"המטכ""לית",6.0,2.0,0.0,0.0,8.0
576,"המו""לים",21.0,0.0,0.0,0.0,21.0
577,"המו""ל",104.0,0.0,0.0,0.0,104.0
578,"הגא""פ",25.0,7.0,0.0,0.0,32.0
579,"המק""ס",2.0,10.0,0.0,0.0,12.0
580,"והדו""ח",7.0,1.0,0.0,0.0,8.0
581,"תרמ""ב",46.0,0.0,0.0,0.0,46.0
582,"הביל""ויים",34.0,0.0,0.0,0.0,34.0
583,"תרמ""ג",36.0,0.0,0.0,0.0,36.0
584,"מפח""ש",12.0,0.0,0.0,0.0,12.0
585,"המנכ""לים",2.0,12.0,0.0,0.0,14.0
586,"בחל""ת",2.0,4.0,0.0,0.0,6.0
587,"מאל""ו",15.0,0.0,0.0,0.0,15.0
588,"מ""ג",181.0,0.0,0.0,0.0,181.0
589,"האו""מ",1.0,5.0,0.0,0.0,6.0
590,"מכ""ם",351.0,10.0,0.0,0.0,361.0
591,"לבג""ץ",286.0,10.0,0.0,0.0,296.0
592,"שהדו""ח",3.0,5.0,0.0,0.0,8.0
593,"בכ""ב",21.0,0.0,0.0,0.0,21.0
594,"ה""אמוני",6.0,0.0,0.0,0.0,6.0
595,"ה""ארצי",8.0,0.0,0.0,0.0,8.0
596,"ל""מועצת",9.0,3.0,0.0,0.0,12.0
597,"ת""ר",20.0,0.0,0.0,0.0,20.0
598,"ר""ד",12.0,0.0,0.0,0.0,12.0
599,"ב""דר",6.0,0.0,0.0,0.0,6.0
600,"כ""מעשה",6.0,0.0,0.0,0.0,6.0
601,"ב""משמר",9.0,0.0,0.0,0.0,9.0
602,"ג""ט",6.0,0.0,0.0,0.0,6.0
603,"רמ""ח",27.0,0.0,0.0,0.0,27.0
604,"ה""אביב",2.0,13.0,0.0,0.0,15.0
605,"רשב""ם",70.0,0.0,0.0,0.0,70.0
606,"ח""ן",39.0,0.0,0.0,0.0,39.0
607,"תש""ח",240.0,0.0,0.0,0.0,240.0
608,"איו""ש",45.0,41.0,0.0,0.0,86.0
609,"צא""ח",11.0,0.0,0.0,0.0,11.0
610,"ש""לא",35.0,2.0,0.0,0.0,37.0
611,"ל""ד",45.0,0.0,0.0,0.0,45.0
612,"ד""א",14.0,0.0,0.0,0.0,14.0
613,"מח""ש",12.0,0.0,0.0,0.0,12.0
614,"ריה""ל",59.0,0.0,0.0,0.0,59.0
615,"קנ""א",45.0,0.0,0.0,0.0,45.0
616,"וארה""ב",1.0,11.0,0.0,0.0,12.0
617,"ה""צולפריין",6.0,0.0,0.0,0.0,6.0
618,"רד""ק",47.0,0.0,0.0,0.0,47.0
619,"רלב""ג",41.0,0.0,0.0,0.0,41.0
620,"ה""אזוריים",8.0,0.0,0.0,0.0,8.0
621,"רשב""י",81.0,0.0,0.0,0.0,81.0
622,"רס""ג",235.0,0.0,0.0,0.0,235.0
623,"הר""ן",43.0,0.0,0.0,0.0,43.0
624,"גא""פ",3.0,21.0,0.0,0.0,24.0
625,"ומזכ""ל",15.0,7.0,0.0,0.0,22.0
626,"ימ""מ",55.0,3.0,2.0,0.0,60.0
627,"ומג""ב",14.0,6.0,0.0,0.0,20.0
628,"אונר""א",107.0,47.0,0.0,0.0,154.0
629,"הנגמ""שים",28.0,1.0,0.0,0.0,29.0
630,"בס""ד",10.0,0.0,0.0,0.0,10.0
631,"בע""ה",6.0,0.0,0.0,0.0,6.0
632,"צמ""ה",105.0,0.0,0.0,0.0,105.0
633,"ואמל""ח",7.0,6.0,0.0,0.0,13.0
634,"ימ""ס",9.0,2.0,0.0,0.0,11.0
635,"והשב""כ",29.0,4.0,0.0,0.0,33.0
636,"והאו""ם",16.0,6.0,0.0,0.0,22.0
637,"לפת""ח",18.0,15.0,1.0,0.0,34.0
638,"ה""סכין",8.0,0.0,0.0,0.0,8.0
639,"הצמ""ה",80.0,0.0,0.0,0.0,80.0
640,"סד""כ",9.0,7.0,0.0,0.0,16.0
641,"אלו""ט",6.0,0.0,0.0,0.0,6.0
642,"ל""מדינה",13.0,2.0,0.0,0.0,15.0
643,"ל""טיהור",6.0,0.0,0.0,0.0,6.0
644,"ל""מסע",7.0,1.0,0.0,0.0,8.0
645,"מתפ""ש",1.0,5.0,0.0,0.0,6.0
646,"באיו""ש",23.0,20.0,0.0,0.0,43.0
647,"במו""מ",1.0,10.0,0.0,0.0,11.0
648,"סמ""ק",168.0,0.0,0.0,0.0,168.0
649,"מצה""ל",197.0,9.0,0.0,0.0,206.0
650,"אמל""ח",32.0,81.0,0.0,0.0,113.0
651,"לנגמ""שים",6.0,0.0,0.0,0.0,6.0
652,"פומ""ה",19.0,0.0,0.0,0.0,19.0
653,"משת""פים",3.0,0.0,10.0,0.0,13.0
654,"לנגמ""ש",18.0,1.0,0.0,0.0,19.0
655,"וחרל""פ",1.0,9.0,0.0,0.0,10.0
656,"בנמ""ר",10.0,0.0,0.0,0.0,10.0
657,"באמל""ח",5.0,4.0,0.0,0.0,9.0
658,"ה""יונבומבר",8.0,0.0,0.0,0.0,8.0
659,"פר""ג",6.0,0.0,0.0,0.0,6.0
660,"אי""ל",49.0,0.0,0.0,0.0,49.0
661,"מנת""ק",6.0,0.0,0.0,0.0,6.0
662,"ביסלמ""ח",9.0,0.0,0.0,0.0,9.0
663,"רח""ל",2.0,28.0,0.0,0.0,30.0
664,"נמר""ה",7.0,0.0,0.0,0.0,7.0
665,"ונמ""ר",7.0,0.0,0.0,0.0,7.0
666,"תרכ""ה",17.0,0.0,0.0,0.0,17.0
667,"תרצ""ה",87.0,0.0,0.0,0.0,87.0
668,"ש""ץ",23.0,0.0,0.0,0.0,23.0
669,"ה""צמח",15.0,0.0,0.0,0.0,15.0
670,"האדר""ת",23.0,0.0,0.0,0.0,23.0
671,"תרמ""ו",29.0,0.0,0.0,0.0,29.0
672,"תרמ""ח",23.0,0.0,0.0,0.0,23.0
673,"תרנ""א",24.0,0.0,0.0,0.0,24.0
674,"תרנ""ה",17.0,0.0,0.0,0.0,17.0
675,"בכ""ח",24.0,0.0,0.0,0.0,24.0
676,"תרס""ט",40.0,0.0,0.0,0.0,40.0
677,"תרע""ד",49.0,0.0,0.0,0.0,49.0
678,"בכ""ד",18.0,0.0,0.0,0.0,18.0
679,"ס""ג",6.0,0.0,0.0,0.0,6.0
680,"רמח""ל",37.0,0.0,0.0,0.0,37.0
681,"א""ד",59.0,0.0,0.0,0.0,59.0
682,"בל""ג",61.0,0.0,0.0,0.0,61.0
683,"חמ""ל",11.0,4.0,0.0,0.0,15.0
684,"תרפ""ז",51.0,0.0,0.0,0.0,51.0
685,"תרע""ב",44.0,0.0,0.0,0.0,44.0
686,"אביב""י",12.0,0.0,0.0,0.0,12.0
687,"רוב""צ",6.0,0.0,0.0,0.0,6.0
688,"החמ""ד",14.0,0.0,0.0,0.0,14.0
689,"תרע""ה",26.0,0.0,0.0,0.0,26.0
690,"תרע""ח",48.0,0.0,0.0,0.0,48.0
691,"תרצ""ד",65.0,0.0,0.0,0.0,65.0
692,"לרשב""ם",6.0,0.0,0.0,0.0,6.0
693,"ת""ש",78.0,0.0,0.0,1.0,79.0
694,"ל""רחוב",7.0,0.0,0.0,0.0,7.0
695,"בבה""ד",67.0,0.0,0.0,0.0,67.0
696,"בש""ס",32.0,0.0,0.0,0.0,32.0
697,"הגרי""ז",9.0,0.0,0.0,0.0,9.0
698,"הרשב""י",34.0,0.0,0.0,0.0,34.0
699,"ובתנ""ך",10.0,0.0,0.0,0.0,10.0
700,"לחפ""ק",7.0,0.0,1.0,0.0,8.0
701,"הנ""ל",565.0,7.0,0.0,0.0,572.0
702,"ב""שטחים",6.0,3.0,0.0,0.0,9.0
703,"ושב""כ",5.0,5.0,0.0,0.0,10.0
704,"ל""ז",24.0,0.0,0.0,0.0,24.0
705,"שז""ר",28.0,0.0,0.0,0.0,28.0
706,"הד""ר",55.0,1.0,0.0,0.0,56.0
707,"מלה""ע",6.0,1.0,0.0,0.0,7.0
708,"על""ה",9.0,0.0,0.0,0.0,9.0
709,"מע""צ",18.0,0.0,0.0,0.0,18.0
710,"ו""זמר",7.0,0.0,0.0,0.0,7.0
711,"ב""פסטיבל",15.0,0.0,0.0,0.0,15.0
712,"השב""חים",1.0,10.0,0.0,0.0,11.0
713,"ו""איך",9.0,0.0,0.0,0.0,9.0
714,"ו""בית",41.0,0.0,0.0,0.0,41.0
715,"אמ""י",36.0,0.0,0.0,0.0,36.0
716,"המג""דים",6.0,0.0,0.0,0.0,6.0
717,"א""ס",8.0,0.0,0.0,0.0,8.0
718,"אמ""ן",225.0,48.0,1.0,1.0,275.0
719,"פ""ט",7.0,0.0,0.0,0.0,7.0
720,"המא""ה",6.0,0.0,0.0,0.0,6.0
721,"במו""פ",4.0,2.0,0.0,0.0,6.0
722,"הרמ""ק",25.0,0.0,0.0,0.0,25.0
723,"ה""אור",5.0,1.0,0.0,0.0,6.0
724,"קל""ח",9.0,0.0,0.0,0.0,9.0
725,"תא""ל",159.0,26.0,0.0,0.0,185.0
726,"ח""ו",6.0,0.0,0.0,0.0,6.0
727,"רא""ש",9.0,0.0,0.0,0.0,9.0
728,"מהקב""ה",7.0,0.0,0.0,0.0,7.0
729,"ל""ספר",9.0,2.0,0.0,0.0,11.0
730,"תשב""ץ",7.0,0.0,0.0,0.0,7.0
731,"ה""היסטוריה",10.0,0.0,0.0,0.0,10.0
732,"תקמ""ב",9.0,0.0,0.0,0.0,9.0
733,"תקס""ח",6.0,0.0,0.0,0.0,6.0
734,"תקע""ו",6.0,0.0,0.0,0.0,6.0
735,"האריז""ל",7.0,0.0,0.0,0.0,7.0
736,"ב""כתבים",7.0,0.0,0.0,0.0,7.0
737,"תקצ""ז",19.0,0.0,0.0,0.0,19.0
738,"קמ""ר",1148.0,12.0,0.0,0.0,1160.0
739,"והתמ""ג",12.0,1.0,0.0,0.0,13.0
740,"כ""בית",31.0,0.0,0.0,0.0,31.0
741,"ובצה""ל",14.0,6.0,1.0,0.0,21.0
742,"הג""א",23.0,2.0,0.0,0.0,25.0
743,"לקמ""ר",125.0,1.0,0.0,0.0,126.0
744,"המהו""ת",7.0,0.0,0.0,0.0,7.0
745,"הטק""ק",2.0,4.0,0.0,0.0,6.0
746,"ה""אנשלוס",8.0,0.0,0.0,0.0,8.0
747,"ב""הסכם",8.0,1.0,0.0,0.0,9.0
748,"לדאע""ש",1.0,17.0,2.0,0.0,20.0
749,"הי""ח",13.0,0.0,0.0,0.0,13.0
750,"צה""לית",21.0,0.0,0.0,0.0,21.0
751,"הדוא""ל",18.0,2.0,0.0,0.0,20.0
752,"ממפא""י",24.0,0.0,0.0,0.0,24.0
753,"שב""ק",7.0,0.0,0.0,0.0,7.0
754,"ל""ג",149.0,0.0,0.0,0.0,149.0
755,"מתנ""ס",74.0,0.0,0.0,0.0,74.0
756,"המ""צ",14.0,0.0,0.0,0.0,14.0
757,"חמ""ץ",6.0,0.0,0.0,0.0,6.0
758,"בכ""ו",16.0,0.0,0.0,0.0,16.0
759,"ב""בייבלייד",9.0,0.0,0.0,0.0,9.0
760,"ל""עידן",6.0,2.0,0.0,0.0,8.0
761,"ב""גל",2.0,6.0,0.0,0.0,8.0
762,"ל""גדוד",6.0,0.0,0.0,0.0,6.0
763,"הפלי""ם",44.0,0.0,0.0,0.0,44.0
764,"ו""אח",8.0,0.0,0.0,0.0,8.0
765,"חי""ם",7.0,0.0,0.0,0.0,7.0
766,"למטכ""ל",18.0,1.0,0.0,0.0,19.0
767,"ע""ט",11.0,0.0,0.0,0.0,11.0
768,"כ""אחת",8.0,0.0,0.0,0.0,8.0
769,"כ""שפה",6.0,0.0,0.0,0.0,6.0
770,"האו""ם",1601.0,501.0,3.0,0.0,2105.0
771,"בעי""ן",7.0,0.0,0.0,0.0,7.0
772,"תשס""א",188.0,1.0,0.0,0.0,189.0
773,"ה""אנלים",6.0,0.0,0.0,0.0,6.0
774,"ל""ב",31.0,0.0,0.0,0.0,31.0
775,"לד""ר",54.0,7.0,0.0,0.0,61.0
776,"א""ז",9.0,0.0,0.0,0.0,9.0
777,"אונסק""ו",313.0,4.0,0.0,0.0,317.0
778,"א""א",32.0,1.0,0.0,0.0,33.0
779,"תרצ""ג",42.0,0.0,0.0,0.0,42.0
780,"ע""ג",8.0,0.0,0.0,0.0,8.0
781,"מ""ק",86.0,12.0,0.0,0.0,98.0
782,"סל""ד",34.0,0.0,0.0,0.0,34.0
783,"הס""פ",8.0,0.0,0.0,0.0,8.0
784,"לאמ""ן",5.0,3.0,0.0,0.0,8.0
785,"קע""מ",12.0,0.0,0.0,0.0,12.0
786,"ל""הסכם",6.0,8.0,0.0,0.0,14.0
787,"ב""אי",15.0,0.0,0.0,0.0,15.0
788,"ממג""ב",6.0,1.0,0.0,0.0,7.0
789,"ז""ק",11.0,0.0,0.0,0.0,11.0
790,"תנ""כיות",16.0,1.0,0.0,0.0,17.0
791,"וזחל""ם",6.0,0.0,0.0,0.0,6.0
792,"הרק""ם",10.0,4.0,0.0,0.0,14.0
793,"בנגמ""שים",7.0,1.0,0.0,0.0,8.0
794,"רפא""ל",37.0,1.0,0.0,0.0,38.0
795,"הזחל""מים",16.0,0.0,0.0,0.0,16.0
796,"י""ג",239.0,1.0,0.0,0.0,240.0
797,"זחל""ם",8.0,0.0,0.0,0.0,8.0
798,"ה""קולטורה",6.0,0.0,0.0,0.0,6.0
799,"י""ז",157.0,0.0,0.0,0.0,157.0
800,"ודו""ח",12.0,2.0,0.0,0.0,14.0
801,"הגרי""ש",13.0,0.0,0.0,0.0,13.0
802,"הגראי""ל",7.0,0.0,0.0,0.0,7.0
803,"י""א",253.0,1.0,0.0,0.0,254.0
804,"ב""ועדת",11.0,0.0,0.0,0.0,11.0
805,"ה""הגנה",81.0,0.0,0.0,0.0,81.0
806,"ות""ט",13.0,0.0,0.0,0.0,13.0
807,"ד""ה",12.0,0.0,0.0,0.0,12.0
808,"החל""ת",1.0,5.0,0.0,0.0,6.0
809,"ל""הגנה",35.0,1.0,0.0,0.0,36.0
810,"סבא""א",15.0,232.0,0.0,0.0,247.0
811,"בסבא""א",2.0,7.0,0.0,0.0,9.0
812,"לסבא""א",2.0,21.0,0.0,0.0,23.0
813,"בש""י",8.0,0.0,0.0,0.0,8.0
814,"ב""הארץ",74.0,3.0,0.0,0.0,77.0
815,"ל""הארץ",17.0,2.0,0.0,0.0,19.0
816,"חד""ש",115.0,24.0,0.0,0.0,139.0
817,"רח""ד",8.0,0.0,0.0,0.0,8.0
818,"ד""ר",2592.0,111.0,6.0,2.0,2711.0
819,"רנ""ב",11.0,0.0,0.0,0.0,11.0
820,"שפ""ו",8.0,0.0,0.0,0.0,8.0
821,"תרנ""ו",33.0,0.0,0.0,0.0,33.0
822,"לש""י",10.0,0.0,0.0,0.0,10.0
823,"פצמ""רים",13.0,0.0,0.0,0.0,13.0
824,"ופצמ""רים",10.0,1.0,0.0,0.0,11.0
825,"ב""קרב",11.0,0.0,0.0,0.0,11.0
826,"כ""טבח",6.0,0.0,0.0,0.0,6.0
827,"וצה""ל",112.0,18.0,0.0,0.0,130.0
828,"התשס""ב",11.0,1.0,0.0,0.0,12.0
829,"דש""א",8.0,0.0,0.0,0.0,8.0
830,"התשע""ד",9.0,0.0,0.0,0.0,9.0
831,"המו""פ",7.0,6.0,0.0,0.0,13.0
832,"קל""ז",14.0,1.0,0.0,0.0,15.0
833,"הש""ץ",68.0,0.0,0.0,0.0,68.0
834,"המלמ""ב",28.0,3.0,0.0,0.0,31.0
835,"ב""לוח",10.0,0.0,0.0,0.0,10.0
836,"יק""א",83.0,0.0,0.0,0.0,83.0
837,"הלק""ם",19.0,0.0,0.0,0.0,19.0
838,"פיק""א",79.0,0.0,0.0,0.0,79.0
839,"של""ח",27.0,0.0,0.0,0.0,27.0
840,"התק""ם",35.0,0.0,0.0,0.0,35.0
841,"רפ""י",146.0,0.0,0.0,0.0,146.0
842,"ייט""ב",8.0,0.0,0.0,0.0,8.0
843,"יח""ד",15.0,0.0,0.0,0.0,15.0
844,"ומתנ""סים",8.0,0.0,0.0,0.0,8.0
845,"ל""קומדיה",7.0,0.0,0.0,0.0,7.0
846,"תב""ע",11.0,0.0,0.0,0.0,11.0
847,"משת""פ",1.0,0.0,14.0,0.0,15.0
848,"ר""ג",16.0,0.0,0.0,0.0,16.0
849,"ב""אתר",11.0,0.0,0.0,0.0,11.0
850,"הל""א",7.0,0.0,0.0,0.0,7.0
851,"שת""פ",8.0,2.0,0.0,0.0,10.0
852,"כסמנכ""ל",10.0,0.0,0.0,0.0,10.0
853,"המט""ח",32.0,10.0,0.0,0.0,42.0
854,"למ""ק",4.0,3.0,0.0,0.0,7.0
855,"רמ""ד",7.0,0.0,0.0,0.0,7.0
856,"ה""אמיתי",6.0,0.0,0.0,0.0,6.0
857,"ו""אקליפטוס",6.0,0.0,0.0,0.0,6.0
858,"מל""מ",33.0,0.0,4.0,0.0,37.0
859,"ובג""ץ",11.0,0.0,0.0,0.0,11.0
860,"ב""משפט",15.0,0.0,0.0,0.0,15.0
861,"ק""מ",3102.0,94.0,0.0,0.0,3196.0
862,"מ""מ",1692.0,14.0,0.0,0.0,1706.0
863,"כשד""ר",6.0,0.0,0.0,0.0,6.0
864,"שד""ר",16.0,1.0,0.0,0.0,17.0
865,"ב""אנקת",7.0,0.0,0.0,0.0,7.0
866,"כי""ח",54.0,0.0,0.0,0.0,54.0
867,"קצא""א",20.0,5.0,0.0,0.0,25.0
868,"ה""תוכנית",6.0,0.0,0.0,0.0,6.0
869,"לנדל""ן",7.0,1.0,0.0,0.0,8.0
870,"תמ""ג",47.0,3.0,0.0,0.0,50.0
871,"באפט""א",92.0,0.0,0.0,0.0,92.0
872,"המב""מ",1.0,36.0,0.0,0.0,37.0
873,"ה""ליבר",10.0,0.0,0.0,0.0,10.0
874,"לתק""ם",12.0,0.0,0.0,0.0,12.0
875,"רה""מ",21.0,1.0,0.0,0.0,22.0
876,"ב""מרכז",7.0,3.0,0.0,0.0,10.0
877,"ופיק""א",6.0,0.0,0.0,0.0,6.0
878,"ל""קיבוץ",8.0,0.0,0.0,0.0,8.0
879,"ב""מוסד",10.0,0.0,0.0,0.0,10.0
880,"למ""כים",10.0,0.0,0.0,0.0,10.0
881,"ו""ג",23.0,0.0,0.0,0.0,23.0
882,"גל""ץ",11.0,0.0,0.0,0.0,11.0
883,"הרשב""ם",22.0,0.0,0.0,0.0,22.0
884,"ב""מוסף",6.0,0.0,0.0,0.0,6.0
885,"ל""עיר",14.0,0.0,0.0,0.0,14.0
886,"ב""תיאטרון",15.0,0.0,0.0,0.0,15.0
887,"למ""ד",10.0,0.0,0.0,0.0,10.0
888,"החי""ש",22.0,0.0,0.0,0.0,22.0
889,"כ""ג",136.0,1.0,0.0,0.0,137.0
890,"ס""ו",9.0,0.0,0.0,0.0,9.0
891,"ע""ב",45.0,0.0,0.0,0.0,45.0
892,"תקע""א",7.0,0.0,0.0,0.0,7.0
893,"כאב""ד",6.0,0.0,0.0,0.0,6.0
894,"וח""כ",14.0,0.0,0.0,0.0,14.0
895,"מנכ""לית",42.0,6.0,0.0,0.0,48.0
896,"מש""ס",9.0,0.0,0.0,0.0,9.0
897,"בדאע""ש",0.0,32.0,0.0,0.0,32.0
898,"מב""מ",0.0,12.0,0.0,0.0,12.0
899,"לש""ס",16.0,0.0,0.0,0.0,16.0
900,"דאע""ש",0.0,218.0,6.0,0.0,224.0
901,"מאע""מ",0.0,17.0,0.0,0.0,17.0
902,"מד""ע",28.0,9.0,0.0,0.0,37.0
903,"י""פ",23.0,0.0,0.0,0.0,23.0
904,"אל""מ",0.0,12.0,0.0,0.0,12.0
905,"התשנ""ב",9.0,0.0,0.0,0.0,9.0
906,"חל""ת",0.0,8.0,0.0,0.0,8.0
907,"פח""ע",8.0,1.0,0.0,0.0,9.0
908,"ה""פדאיון",6.0,0.0,0.0,0.0,6.0
909,"סל""ע",23.0,0.0,0.0,0.0,23.0
910,"המנהא""ז",0.0,22.0,0.0,0.0,22.0
911,"פיב""א",49.0,0.0,0.0,0.0,49.0
912,"בר""ת",19.0,0.0,0.0,0.0,19.0
913,"ב""עוטף",0.0,9.0,0.0,0.0,9.0
914,"ודאע""ש",0.0,8.0,0.0,0.0,8.0
915,"תקש""ח",0.0,7.0,0.0,0.0,7.0
916,"האדמו""רים",49.0,0.0,0.0,0.0,49.0
917,"ממכ""ם",7.0,0.0,0.0,0.0,7.0
918,"שסבא""א",0.0,6.0,0.0,0.0,6.0
919,"ל""אבי",18.0,0.0,0.0,0.0,18.0
920,"תשט""ז",92.0,0.0,0.0,0.0,92.0
921,"כ""לבנת",0.0,6.0,0.0,0.0,6.0
922,"נצ""ח",7.0,0.0,0.0,0.0,7.0
923,"בחל""כ",0.0,15.0,0.0,0.0,15.0
924,"קופ""ח",7.0,0.0,0.0,0.0,7.0
925,"הבה""ד",13.0,0.0,0.0,0.0,13.0
926,"באש""פ",0.0,8.0,0.0,0.0,8.0
927,"במל""טים",0.0,7.0,0.0,0.0,7.0
928,"ארמק""ו",0.0,7.0,0.0,0.0,7.0
929,"ו""בין",6.0,0.0,0.0,0.0,6.0
930,"ב""עופרת",0.0,8.0,1.0,0.0,9.0
931,"ליוניפי""ל",0.0,10.0,0.0,0.0,10.0
932,"אנדו""ף",0.0,18.0,0.0,0.0,18.0
933,"וחי""ר",18.0,0.0,0.0,0.0,18.0
934,"ל""לא",14.0,0.0,0.0,0.0,14.0
935,"ה""שהאב",0.0,6.0,0.0,0.0,6.0
936,"הסד""כ",8.0,3.0,0.0,0.0,11.0
937,"סנטקו""ם",0.0,6.0,0.0,0.0,6.0
938,"ב""אחר",6.0,0.0,0.0,0.0,6.0
939,"לבה""ד",7.0,0.0,0.0,0.0,7.0
940,"תמ""ס",0.0,9.0,0.0,0.0,9.0
941,"ה""סטנד",0.0,7.0,0.0,0.0,7.0
942,"ו""רשת",18.0,0.0,0.0,0.0,18.0
943,"מב""ם",0.0,7.0,0.0,0.0,7.0
944,"בה""ד",49.0,0.0,0.0,0.0,49.0
945,"הרא""ש",136.0,0.0,0.0,0.0,136.0
946,"המב""ם",0.0,16.0,0.0,0.0,16.0
947,"צל""ב",0.0,8.0,0.0,0.0,8.0
948,"לצל""ב",0.0,10.0,0.0,0.0,10.0
949,"ב""שכירי",0.0,8.0,0.0,0.0,8.0
950,"מדו""ח",11.0,3.0,0.0,0.0,14.0
951,"המל""ת",0.0,20.0,0.0,0.0,20.0
952,"שצה""ל",62.0,64.0,0.0,0.0,126.0
953,"הכב""מ",0.0,7.0,0.0,0.0,7.0
954,"ל""כוח",8.0,1.0,0.0,0.0,9.0
955,"ה""כוח",38.0,0.0,0.0,0.0,38.0
956,"ב""ידיעות",45.0,1.0,0.0,0.0,46.0
957,"ע""א",56.0,0.0,0.0,0.0,56.0
958,"ל""קבוצת",8.0,1.0,0.0,0.0,9.0
959,"החי""ר",290.0,3.0,0.0,0.0,293.0
960,"ב""לה",12.0,0.0,0.0,0.0,12.0
961,"לפיפ""א",12.0,1.0,0.0,0.0,13.0
962,"ל""מי",7.0,0.0,0.0,0.0,7.0
963,"ה""בית",23.0,0.0,0.0,0.0,23.0
964,"תשע""ג",226.0,0.0,0.0,0.0,226.0
965,"הרי""ף",99.0,0.0,0.0,0.0,99.0
966,"ה""טור",8.0,0.0,0.0,0.0,8.0
967,"מ""בית",13.0,0.0,0.0,0.0,13.0
968,"ה""שולחן",10.0,0.0,0.0,0.0,10.0
969,"מבית""ר",9.0,0.0,0.0,0.0,9.0
970,"כ""אנשי",7.0,0.0,0.0,0.0,7.0
971,"טק""א",7.0,1.0,0.0,0.0,8.0
972,"נל""א",8.0,0.0,0.0,0.0,8.0
973,"ה""חץ",13.0,1.0,0.0,0.0,14.0
974,"הש""י",93.0,0.0,0.0,0.0,93.0
975,"תש""ז",137.0,0.0,0.0,0.0,137.0
976,"ע""ו",13.0,0.0,0.0,0.0,13.0
977,"כ""מדינת",9.0,7.0,0.0,0.0,16.0
978,"תשמ""ז",128.0,0.0,0.0,0.0,128.0
979,"תשי""ט",107.0,0.0,0.0,0.0,107.0
980,"ב""תחום",12.0,1.0,0.0,0.0,13.0
981,"הממ""ד",7.0,1.0,0.0,0.0,8.0
982,"תשל""ו",127.0,0.0,0.0,0.0,127.0
983,"ש""איש",7.0,0.0,0.0,0.0,7.0
984,"תנ""כי",23.0,0.0,0.0,0.0,23.0
985,"עפ""י",22.0,0.0,0.0,0.0,22.0
986,"בג""צ",1.0,7.0,0.0,0.0,8.0
987,"ש""כל",27.0,2.0,0.0,0.0,29.0
988,"תש""ן",115.0,0.0,0.0,0.0,115.0
989,"קכ""ב",8.0,0.0,0.0,0.0,8.0
990,"סכו""ם",6.0,0.0,0.0,0.0,6.0
991,"ב""הד",7.0,0.0,0.0,0.0,7.0
992,"ל""מוסד",7.0,0.0,0.0,0.0,7.0
993,"תשנ""ח",185.0,0.0,0.0,0.0,185.0
994,"אח""י",197.0,0.0,0.0,0.0,197.0
995,"ב""מועדון",8.0,0.0,0.0,0.0,8.0
996,"המפד""ל",269.0,0.0,0.0,0.0,269.0
997,"מפד""ל",62.0,0.0,0.0,0.0,62.0
998,"בבי""ס",8.0,0.0,0.0,0.0,8.0
999,"הח""כ",7.0,0.0,0.0,0.0,7.0
1000,"ב""ניו",15.0,3.0,0.0,0.0,18.0
1001,"ו""שיר",34.0,0.0,0.0,0.0,34.0
1002,"כ""זמר",7.0,0.0,0.0,0.0,7.0
1003,"מהמפד""ל",37.0,0.0,0.0,0.0,37.0
1004,"כ""שיר",20.0,0.0,0.0,0.0,20.0
1005,"והאדמו""ר",15.0,0.0,0.0,0.0,15.0
1006,"גל""צ",32.0,0.0,0.0,0.0,32.0
1007,"כיו""ר",320.0,10.0,0.0,0.0,330.0
1008,"והמפד""ל",21.0,0.0,0.0,0.0,21.0
1009,"שהנ""ל",6.0,0.0,0.0,0.0,6.0
1010,"ומתנ""ס",8.0,0.0,0.0,0.0,8.0
1011,"מטכ""ל",306.0,4.0,1.0,0.0,311.0
1012,"ב""ק",20.0,0.0,0.0,0.0,20.0
1013,"קי""א",7.0,0.0,0.0,0.0,7.0
1014,"ובחו""ל",27.0,14.0,0.0,0.0,41.0
1015,"לאח""י",8.0,0.0,0.0,0.0,8.0
1016,"תקפ""ז",6.0,0.0,0.0,0.0,6.0
1017,"תרל""א",10.0,0.0,0.0,0.0,10.0
1018,"לרש""י",39.0,0.0,0.0,0.0,39.0
1019,"לעו""ד",15.0,0.0,0.0,0.0,15.0
1020,"במפד""ל",16.0,0.0,0.0,0.0,16.0
1021,"המח""ל",14.0,0.0,0.0,0.0,14.0
1022,"המהר""ש",13.0,0.0,0.0,0.0,13.0
1023,"בבית""ר",36.0,0.0,0.0,0.0,36.0
1024,"תרכ""ו",21.0,0.0,0.0,0.0,21.0
1025,"תר""ז",8.0,0.0,0.0,0.0,8.0
1026,"מהר""ש",8.0,0.0,0.0,0.0,8.0
1027,"כ""ק",8.0,0.0,0.0,0.0,8.0
1028,"המפח""ש",16.0,0.0,0.0,0.0,16.0
1029,"מז""י",14.0,0.0,0.0,0.0,14.0
1030,"אופ""א",468.0,0.0,0.0,0.0,468.0
1031,"רמ""ט",6.0,0.0,0.0,0.0,6.0
1032,"תו""ל",7.0,0.0,0.0,0.0,7.0
1033,"אט""ל",7.0,0.0,0.0,0.0,7.0
1034,"לבית""ר",38.0,0.0,0.0,0.0,38.0
1035,"התר""ש",1.0,7.0,0.0,0.0,8.0
1036,"ב""פרשת",8.0,0.0,0.0,0.0,8.0
1037,"תר""ש",1.0,13.0,0.0,0.0,14.0
1038,"נק""ל",12.0,1.0,1.0,0.0,14.0
1039,"ל""משפט",6.0,0.0,0.0,0.0,6.0
1040,"נ""מ",242.0,9.0,0.0,0.0,251.0
1041,"בסב""ר",11.0,0.0,0.0,0.0,11.0
1042,"צה""לי",22.0,4.0,0.0,0.0,26.0
1043,"הסב""ר",6.0,0.0,0.0,0.0,6.0
1044,"למכ""ם",29.0,0.0,0.0,1.0,30.0
1045,"ממר""ם",34.0,0.0,0.0,0.0,34.0
1046,"ה""מגן",8.0,0.0,0.0,0.0,8.0
1047,"משהב""ט",8.0,1.0,0.0,0.0,9.0
1048,"אג""ת",6.0,8.0,0.0,0.0,14.0
1049,"בצה""ל",1634.0,219.0,0.0,0.0,1853.0
1050,"בנק""י",33.0,0.0,0.0,0.0,33.0
1051,"למק""י",9.0,0.0,0.0,0.0,9.0
1052,"ל""יד",8.0,0.0,0.0,0.0,8.0
1053,"בע""ח",14.0,0.0,0.0,0.0,14.0
1054,"הנ""מ",148.0,1.0,0.0,2.0,151.0
1055,"שבצה""ל",5.0,2.0,0.0,0.0,7.0
1056,"קמ""ש",436.0,5.0,0.0,0.0,441.0
1057,"ל""מרכז",14.0,1.0,0.0,0.0,15.0
1058,"לממר""ם",7.0,0.0,0.0,0.0,7.0
1059,"מזי""א",25.0,0.0,0.0,0.0,25.0
1060,"ל""כפר",8.0,0.0,0.0,0.0,8.0
1061,"ל""נווה",6.0,0.0,0.0,0.0,6.0
1062,"חטמ""ר",7.0,0.0,0.0,0.0,7.0
1063,"התשע""ו",9.0,1.0,0.0,0.0,10.0
1064,"במג""ב",44.0,5.0,0.0,0.0,49.0
1065,"והימ""מ",16.0,0.0,0.0,0.0,16.0
1066,"כמפכ""ל",8.0,0.0,0.0,0.0,8.0
1067,"מחט""ב",6.0,0.0,0.0,0.0,6.0
1068,"סמנכ""ל",35.0,4.0,0.0,0.0,39.0
1069,"נת""ע",26.0,0.0,0.0,0.0,26.0
1070,"וכיו""ר",28.0,0.0,0.0,0.0,28.0
1071,"במכ""ם",30.0,3.0,0.0,0.0,33.0
1072,"שהמכ""ם",6.0,1.0,0.0,1.0,8.0
1073,"ב""פרויקט",17.0,0.0,0.0,0.0,17.0
1074,"תע""ל",58.0,15.0,0.0,0.0,73.0
1075,"ס""ה",10.0,0.0,0.0,0.0,10.0
1076,"מחד""ש",6.0,0.0,0.0,0.0,6.0
1077,"בל""ד",44.0,18.0,0.0,0.0,62.0
1078,"ותע""ל",7.0,1.0,0.0,0.0,8.0
1079,"רע""ם",60.0,9.0,0.0,0.0,69.0
1080,"שב""ס",18.0,2.0,0.0,0.0,20.0
1081,"צל""שי",8.0,0.0,0.0,0.0,8.0
1082,"גפ""ת",6.0,0.0,0.0,0.0,6.0
1083,"ע""ח",6.0,0.0,0.0,0.0,6.0
1084,"אפ""ק",30.0,0.0,0.0,0.0,30.0
1085,"ס""ב",8.0,0.0,0.0,0.0,8.0
1086,"ב""על",25.0,0.0,0.0,0.0,25.0
1087,"כ""צ",6.0,0.0,0.0,0.0,6.0
1088,"ב""שיר",18.0,0.0,0.0,0.0,18.0
1089,"הרס""ג",6.0,0.0,0.0,0.0,6.0
1090,"ק""א",16.0,0.0,0.0,0.0,16.0
1091,"ש""ך",12.0,0.0,0.0,0.0,12.0
1092,"ל""ו",28.0,0.0,0.0,0.0,28.0
1093,"באש""ף",55.0,10.0,0.0,0.0,65.0
1094,"אט""א",18.0,0.0,0.0,0.0,18.0
1095,"אח""מים",11.0,0.0,1.0,0.0,12.0
1096,"וכטב""מים",2.0,7.0,0.0,0.0,9.0
1097,"סמ""ג",12.0,0.0,0.0,0.0,12.0
1098,"העב""מים",10.0,0.0,0.0,0.0,10.0
1099,"ודו""חות",11.0,1.0,0.0,0.0,12.0
1100,"אח""מ",8.0,0.0,1.0,0.0,9.0
1101,"ב""ארגון",8.0,0.0,0.0,0.0,8.0
1102,"שמנכ""ל",4.0,2.0,0.0,0.0,6.0
1103,"מ""ר",270.0,3.0,0.0,0.0,273.0
1104,"תרמ""ז",27.0,0.0,0.0,0.0,27.0
1105,"ר""ש",15.0,0.0,0.0,0.0,15.0
1106,"הרמטכ""ל",782.0,193.0,1.0,0.0,976.0
1107,"הדנ""א",28.0,0.0,1.0,0.0,29.0
1108,"הדו""ח",304.0,159.0,0.0,0.0,463.0
1109,"תר""ף",28.0,0.0,0.0,0.0,28.0
1110,"וד""ר",156.0,6.0,0.0,0.0,162.0
1111,"מ""ה",12.0,0.0,0.0,0.0,12.0
1112,"ל""גן",6.0,0.0,0.0,0.0,6.0
1113,"ונגמ""שים",13.0,0.0,0.0,0.0,13.0
1114,"ו""בן",9.0,0.0,0.0,0.0,9.0
1115,"התשפ""ג",7.0,0.0,0.0,0.0,7.0
1116,"כבג""ץ",10.0,1.0,0.0,0.0,11.0
1117,"ס""מ",1174.0,0.0,0.0,0.0,1174.0
1118,"מלש""בים",12.0,0.0,0.0,0.0,12.0
1119,"ב""תאוריה",7.0,0.0,0.0,0.0,7.0
1120,"ב""כאן",9.0,0.0,0.0,0.0,9.0
1121,"נ""ט",342.0,20.0,0.0,0.0,362.0
1122,"ב""לא",10.0,0.0,0.0,0.0,10.0
1123,"סל""ה",9.0,0.0,0.0,0.0,9.0
1124,"הרש""ק",12.0,1.0,0.0,0.0,13.0
1125,"לקק""ל",19.0,0.0,0.0,0.0,19.0
1126,"באופ""א",9.0,0.0,0.0,0.0,9.0
1127,"כ""מגן",2.0,12.0,0.0,0.0,14.0
1128,"אל""ם",253.0,8.0,0.0,0.0,261.0
1129,"רמ""א",10.0,2.0,0.0,0.0,12.0
1130,"ש""א",6.0,0.0,0.0,0.0,6.0
1131,"מלכ""ר",26.0,0.0,0.0,0.0,26.0
1132,"הרא""ם",14.0,0.0,0.0,0.0,14.0
1133,"ברש""י",10.0,0.0,0.0,0.0,10.0
1134,"מוהר""ן",53.0,0.0,0.0,0.0,53.0
1135,"התשע""ג",8.0,0.0,0.0,0.0,8.0
1136,"תקס""ג",8.0,0.0,0.0,0.0,8.0
1137,"תרנ""ב",22.0,0.0,0.0,0.0,22.0
1138,"תקפ""א",7.0,0.0,0.0,0.0,7.0
1139,"תקע""ג",7.0,0.0,0.0,0.0,7.0
1140,"אב""כ",38.0,2.0,0.0,0.0,40.0
1141,"תקפ""ח",10.0,0.0,0.0,0.0,10.0
1142,"תרכ""ז",14.0,0.0,0.0,0.0,14.0
1143,"ואב""ד",9.0,0.0,0.0,0.0,9.0
1144,"תקצ""ו",7.0,0.0,0.0,0.0,7.0
1145,"ב""יום",24.0,7.0,0.0,0.0,31.0
1146,"ו""מה",17.0,0.0,0.0,0.0,17.0
1147,"ו""אם",7.0,0.0,0.0,0.0,7.0
1148,"כ""הסכם",5.0,1.0,0.0,0.0,6.0
1149,"הר""מים",14.0,0.0,0.0,0.0,14.0
1150,"ה""שיר",8.0,0.0,0.0,0.0,8.0
1151,"ו""אבא",11.0,0.0,0.0,0.0,11.0
1152,"חי""ר",535.0,6.0,2.0,0.0,543.0
1153,"והאר""י",6.0,0.0,0.0,0.0,6.0
1154,"מ""ז",29.0,0.0,0.0,0.0,29.0
1155,"ו""אני",27.0,0.0,0.0,0.0,27.0
1156,"וליו""ר",18.0,0.0,0.0,0.0,18.0
1157,"כ""ראש",10.0,1.0,0.0,0.0,11.0
1158,"ו""זה",12.0,0.0,0.0,0.0,12.0
1159,"ה""אנטי",6.0,0.0,0.0,0.0,6.0
1160,"קע""ם",13.0,0.0,0.0,0.0,13.0
1161,"ה""ניו",32.0,0.0,0.0,0.0,32.0
1162,"ב""חיי",12.0,0.0,0.0,0.0,12.0
1163,"ב""יוליסס",20.0,0.0,0.0,0.0,20.0
1164,"ב""דיוקן",10.0,0.0,0.0,0.0,10.0
1165,"ל""דיוקן",6.0,0.0,0.0,0.0,6.0
1166,"ב""ג",13.0,0.0,0.0,0.0,13.0
1167,"אופ""ק",34.0,49.0,0.0,0.0,83.0
1168,"ל""איש",16.0,0.0,0.0,0.0,16.0
1169,"מ""צ",23.0,0.0,0.0,0.0,23.0
1170,"כ""שנת",6.0,3.0,0.0,0.0,9.0
1171,"היו""ר",77.0,6.0,0.0,0.0,83.0
1172,"ל""חוק",19.0,1.0,0.0,0.0,20.0
1173,"במזקו""ם",7.0,0.0,0.0,0.0,7.0
1174,"תר""מ",9.0,0.0,0.0,0.0,9.0
1175,"ב""דבר",52.0,0.0,0.0,0.0,52.0
1176,"מ""י",7.0,57.0,0.0,0.0,64.0
1177,"ס""ט",15.0,0.0,0.0,0.0,15.0
1178,"לצל""ש",26.0,0.0,0.0,0.0,26.0
1179,"בי""ד",30.0,0.0,0.0,0.0,30.0
1180,"האדמו""רות",8.0,0.0,0.0,0.0,8.0
1181,"התמ""ג",127.0,17.0,0.0,0.0,144.0
1182,"המהר""ם",51.0,0.0,0.0,0.0,51.0
1183,"מהר""י",16.0,0.0,0.0,0.0,16.0
1184,"זצוק""ל",12.0,0.0,0.0,0.0,12.0
1185,"ה""רגילים",9.0,0.0,0.0,0.0,9.0
1186,"ה""חברה",10.0,1.0,0.0,0.0,11.0
1187,"כ""ך",23.0,0.0,0.0,0.0,23.0
1188,"ה""לא",17.0,2.0,0.0,0.0,19.0
1189,"לדו""ח",15.0,13.0,0.0,0.0,28.0
1190,"ה""קלאסית",16.0,0.0,0.0,0.0,16.0
1191,"ואח""י",26.0,0.0,0.0,0.0,26.0
1192,"ב""קפה",6.0,0.0,0.0,0.0,6.0
1193,"באח""י",6.0,0.0,0.0,0.0,6.0
1194,"תוה""ד",4.0,2.0,0.0,0.0,6.0
1195,"ל""מבצע",15.0,0.0,0.0,0.0,15.0
1196,"מפיפ""א",10.0,1.0,0.0,0.0,11.0
1197,"ביה""ד",18.0,0.0,0.0,0.0,18.0
1198,"התנ""ך",1144.0,0.0,0.0,0.0,1144.0
1199,"לקב""ה",15.0,0.0,0.0,0.0,15.0
1200,"שהקב""ה",11.0,0.0,0.0,0.0,11.0
1201,"ה""קיבוץ",6.0,0.0,0.0,0.0,6.0
1202,"למ""ר",15.0,0.0,0.0,0.0,15.0
1203,"ה""ג",31.0,1.0,0.0,0.0,32.0
1204,"ב""טור",12.0,0.0,0.0,0.0,12.0
1205,"החי""ל",14.0,0.0,0.0,0.0,14.0
1206,"ב""קבוצת",8.0,0.0,0.0,0.0,8.0
1207,"ממ""ג",8.0,0.0,0.0,0.0,8.0
1208,"מהרמטכ""ל",18.0,0.0,0.0,0.0,18.0
1209,"יו""ר",894.0,87.0,0.0,0.0,981.0
1210,"להט""בים",33.0,1.0,0.0,0.0,34.0
1211,"ללהט""בים",6.0,0.0,0.0,0.0,6.0
1212,"ל""קו",8.0,1.0,0.0,0.0,9.0
1213,"גדחה""ן",7.0,0.0,0.0,0.0,7.0
1214,"תרס""ה",38.0,0.0,0.0,0.0,38.0
1215,"תש""ה",81.0,0.0,0.0,0.0,81.0
1216,"תרנ""ח",17.0,0.0,0.0,0.0,17.0
1217,"להרמב""ם",28.0,0.0,0.0,0.0,28.0
1218,"חב""דית",6.0,0.0,0.0,0.0,6.0
1219,"תרנ""ט",24.0,0.0,0.0,0.0,24.0
1220,"ואל""ם",11.0,2.0,0.0,0.0,13.0
1221,"מנכ""לים",16.0,3.0,0.0,0.0,19.0
1222,"וסא""ל",10.0,0.0,0.0,0.0,10.0
1223,"כ""אנשים",7.0,0.0,0.0,0.0,7.0
1224,"תרס""א",16.0,0.0,0.0,0.0,16.0
1225,"שב""חים",2.0,6.0,0.0,0.0,8.0
1226,"ב""ש",15.0,0.0,0.0,0.0,15.0
1227,"ו""רק",6.0,1.0,0.0,0.0,7.0
1228,"תשי""ב",99.0,3.0,0.0,0.0,102.0
1229,"צל""שים",30.0,0.0,0.0,0.0,30.0
1230,"תרנ""ז",25.0,0.0,0.0,0.0,25.0
1231,"לראב""ד",10.0,0.0,0.0,0.0,10.0
1232,"רמב""ן",105.0,0.0,0.0,0.0,105.0
1233,"תשנ""ו",147.0,0.0,0.0,0.0,147.0
1234,"מהנ""ל",11.0,0.0,0.0,0.0,11.0
1235,"הרי""ם",34.0,0.0,0.0,0.0,34.0
1236,"שג""ר",58.0,0.0,0.0,0.0,58.0
1237,"נ""ז",13.0,0.0,0.0,0.0,13.0
1238,"ומכ""ם",8.0,0.0,0.0,0.0,8.0
1239,"ל""ברית",11.0,3.0,0.0,0.0,14.0
1240,"בכ""ה",34.0,0.0,0.0,0.0,34.0
1241,"שארה""ב",2.0,8.0,0.0,0.0,10.0
1242,"תשע""ט",137.0,0.0,0.0,0.0,137.0
1243,"למו""ל",21.0,0.0,0.0,0.0,21.0
1244,"כר""מים",10.0,0.0,0.0,0.0,10.0
1245,"הבד""ץ",10.0,0.0,0.0,0.0,10.0
1246,"מ""ב",21.0,0.0,0.0,0.0,21.0
1247,"נ""ג",15.0,0.0,0.0,0.0,15.0
1248,"מת""ב",8.0,0.0,0.0,0.0,8.0
1249,"והיו""ר",11.0,1.0,0.0,0.0,12.0
1250,"תש""פ",50.0,0.0,0.0,0.0,50.0
1251,"כמנכ""לית",9.0,0.0,0.0,0.0,9.0
1252,"תשס""ד",214.0,1.0,0.0,0.0,215.0
1253,"תשס""ה",216.0,0.0,0.0,0.0,216.0
1254,"ו""מוות",7.0,2.0,0.0,0.0,9.0
1255,"ב""יתד",7.0,0.0,0.0,0.0,7.0
1256,"צמ""ד",9.0,0.0,0.0,0.0,9.0
1257,"ל""על",8.0,0.0,0.0,0.0,8.0
1258,"תשע""ד",188.0,0.0,0.0,0.0,188.0
1259,"פק""פ",12.0,0.0,0.0,0.0,12.0
1260,"בתל""ג",13.0,2.0,0.0,0.0,15.0
1261,"והתל""ג",4.0,2.0,0.0,0.0,6.0
1262,"בצל""ש",47.0,0.0,0.0,0.0,47.0
1263,"קל""ד",8.0,0.0,0.0,0.0,8.0
1264,"תרל""ג",13.0,0.0,0.0,0.0,13.0
1265,"ב""העולם",19.0,0.0,0.0,0.0,19.0
1266,"ב""הפועל",9.0,0.0,0.0,0.0,9.0
1267,"מ""ידיעות",9.0,0.0,0.0,0.0,9.0
1268,"מק""ג",12.0,0.0,0.0,0.0,12.0
1269,"כמ""פ",7.0,0.0,0.0,0.0,7.0
1270,"פו""ש",6.0,0.0,0.0,0.0,6.0
1271,"בח""א",6.0,0.0,0.0,0.0,6.0
1272,"קמ""א",10.0,0.0,0.0,0.0,10.0
1273,"כ""רב",6.0,0.0,0.0,0.0,6.0
1274,"קב""א",10.0,0.0,0.0,0.0,10.0
1275,"דפ""ר",6.0,0.0,0.0,0.0,6.0
1276,"בפס""ד",16.0,0.0,0.0,0.0,16.0
1277,"ב""צוותא",6.0,0.0,0.0,0.0,6.0
1278,"רו""ח",9.0,0.0,0.0,0.0,9.0
1279,"תשפ""ח",8.0,0.0,0.0,0.0,8.0
1280,"ב""מועצה",6.0,1.0,0.0,0.0,7.0
1281,"ט""ו",310.0,0.0,0.0,0.0,310.0
1282,"ב""מבצע",31.0,0.0,0.0,0.0,31.0
1283,"נח""ל",304.0,1.0,0.0,0.0,305.0
1284,"ב""ארמון",9.0,0.0,0.0,0.0,9.0
1285,"לרק""ם",9.0,1.0,0.0,0.0,10.0
1286,"מה""ט",6.0,0.0,0.0,0.0,6.0
1287,"ומחו""ל",18.0,0.0,0.0,0.0,18.0
1288,"פיד""ה",47.0,0.0,0.0,0.0,47.0
1289,"המ""פ",26.0,1.0,2.0,0.0,29.0
1290,"הבה""דים",17.0,0.0,0.0,0.0,17.0
1291,"במתנ""ס",12.0,0.0,0.0,0.0,12.0
1292,"נוע""ם",6.0,0.0,0.0,0.0,6.0
1293,"מש""צים",7.0,0.0,0.0,0.0,7.0
1294,"סמ""ר",34.0,0.0,0.0,0.0,34.0
1295,"אס""א",17.0,0.0,0.0,0.0,17.0
1296,"חיד""א",10.0,0.0,0.0,0.0,10.0
1297,"ו""מדינת",6.0,1.0,0.0,0.0,7.0
1298,"רב""ט",30.0,1.0,0.0,0.0,31.0
1299,"מתנ""סים",22.0,0.0,0.0,0.0,22.0
1300,"אמי""ת",33.0,0.0,0.0,0.0,33.0
1301,"הסת""ם",10.0,0.0,0.0,0.0,10.0
1302,"ב""אל",11.0,2.0,0.0,0.0,13.0
1303,"מב""ת",7.0,0.0,0.0,0.0,7.0
1304,"ו""ידיעות",9.0,1.0,0.0,0.0,10.0
1305,"לתנ""ך",133.0,0.0,0.0,0.0,133.0
1306,"השפד""ן",14.0,0.0,0.0,0.0,14.0
1307,"ו""גן",10.0,0.0,0.0,0.0,10.0
1308,"ל""רמת",6.0,0.0,0.0,0.0,6.0
1309,"במצ""ח",7.0,0.0,0.0,0.0,7.0
1310,"ל""ח",16.0,0.0,0.0,0.0,16.0
1311,"וקק""ל",12.0,0.0,0.0,0.0,12.0
1312,"ל""בני",6.0,0.0,0.0,0.0,6.0
1313,"התשי""א",9.0,0.0,0.0,0.0,9.0
1314,"ולצה""ל",9.0,3.0,0.0,0.0,12.0
1315,"ל""מועדון",10.0,0.0,0.0,0.0,10.0
1316,"ב""מצעד",10.0,0.0,0.0,0.0,10.0
1317,"במפ""ם",20.0,0.0,0.0,0.0,20.0
1318,"כ""עיר",34.0,0.0,0.0,0.0,34.0
1319,"ב""צד",7.0,0.0,0.0,0.0,7.0
1320,"ב""מערכת",7.0,0.0,0.0,0.0,7.0
1321,"מנתב""ג",6.0,1.0,0.0,0.0,7.0
1322,"ות""ת",7.0,0.0,0.0,0.0,7.0
1323,"ז""ל",114.0,6.0,0.0,0.0,120.0
1324,"ש""ח",549.0,71.0,0.0,0.0,620.0
1325,"החב""דית",12.0,0.0,0.0,0.0,12.0
1326,"הנדל""ן",73.0,8.0,0.0,0.0,81.0
1327,"תקנ""ז",6.0,0.0,0.0,0.0,6.0
1328,"מהאדמו""רים",6.0,0.0,0.0,0.0,6.0
1329,"המהרי""ל",21.0,0.0,0.0,0.0,21.0
1330,"למפא""י",44.0,0.0,0.0,0.0,44.0
1331,"מחב""ד",14.0,0.0,0.0,0.0,14.0
1332,"לחב""ד",8.0,0.0,0.0,0.0,8.0
1333,"חב""די",7.0,0.0,0.0,0.0,7.0
1334,"מאדמו""רי",13.0,0.0,0.0,0.0,13.0
1335,"במפא""י",47.0,0.0,0.0,0.0,47.0
1336,"ח""כים",54.0,1.0,0.0,0.0,55.0
1337,"למפ""ם",18.0,0.0,0.0,0.0,18.0
1338,"ורע""מ",5.0,2.0,0.0,0.0,7.0
1339,"ומפ""ם",34.0,0.0,0.0,0.0,34.0
1340,"מיכ""ל",9.0,0.0,0.0,0.0,9.0
1341,"וסמנכ""ל",7.0,0.0,0.0,0.0,7.0
1342,"ומו""ל",19.0,0.0,0.0,0.0,19.0
1343,"הנאסד""ק",11.0,0.0,0.0,0.0,11.0
1344,"ו""תורת",6.0,0.0,0.0,0.0,6.0
1345,"ב""מסע",11.0,0.0,0.0,0.0,11.0
1346,"הו""ד",9.0,0.0,0.0,0.0,9.0
1347,"בנאט""ו",52.0,61.0,0.0,0.0,113.0
1348,"ו""בת",11.0,0.0,0.0,0.0,11.0
1349,"ב""קול",58.0,0.0,0.0,0.0,58.0
1350,"זק""ש",49.0,0.0,0.0,0.0,49.0
1351,"סאל""ט",17.0,0.0,0.0,0.0,17.0
1352,"ממפ""ם",22.0,0.0,0.0,0.0,22.0
1353,"עב""ם",12.0,0.0,0.0,0.0,12.0
1354,"ב""בצלאל",20.0,0.0,0.0,0.0,20.0
1355,"צה""ל",5320.0,1257.0,3.0,0.0,6580.0
1356,"אנזא""ק",105.0,0.0,0.0,0.0,105.0
1357,"השב""ס",18.0,0.0,0.0,0.0,18.0
1358,"מופ""ת",26.0,0.0,0.0,0.0,26.0
1359,"ת""א",184.0,2.0,0.0,0.0,186.0
1360,"ללהט""ב",15.0,0.0,0.0,0.0,15.0
1361,"ו""אי",7.0,1.0,0.0,0.0,8.0
1362,"התשס""א",9.0,0.0,0.0,0.0,9.0
1363,"ב""ציפורי",6.0,0.0,0.0,0.0,6.0
1364,"הבינ""ל",16.0,10.0,0.0,0.0,26.0
1365,"ב""ברית",17.0,0.0,0.0,0.0,17.0
1366,"ל""מלך",15.0,0.0,0.0,0.0,15.0
1367,"כ""אזור",8.0,0.0,0.0,0.0,8.0
1368,"ממע""מ",8.0,0.0,0.0,0.0,8.0
1369,"אקו""ם",142.0,0.0,0.0,0.0,142.0
1370,"להב""ה",9.0,3.0,0.0,0.0,12.0
1371,"מג""ב",250.0,171.0,0.0,0.0,421.0
1372,"שמפא""י",7.0,0.0,0.0,0.0,7.0
1373,"ב""פרשה",10.0,0.0,0.0,0.0,10.0
1374,"המע""מ",46.0,7.0,0.0,0.0,53.0
1375,"לע""ם",7.0,0.0,0.0,0.0,7.0
1376,"חה""כ",5.0,9.0,0.0,0.0,14.0
1377,"ומ""מ",6.0,0.0,0.0,0.0,6.0
1378,"בנא""י",9.0,0.0,0.0,0.0,9.0
1379,"הלהט""בית",15.0,1.0,0.0,0.0,16.0
1380,"תשע""ו",147.0,0.0,0.0,0.0,147.0
1381,"התשע""ז",6.0,1.0,0.0,0.0,7.0
1382,"תשע""ח",162.0,1.0,0.0,0.0,163.0
1383,"ב""רשימת",12.0,0.0,0.0,0.0,12.0
1384,"דנ""א",49.0,0.0,0.0,0.0,49.0
1385,"ה""באז",18.0,0.0,0.0,0.0,18.0
1386,"מגח""ל",7.0,0.0,0.0,0.0,7.0
1387,"ורפ""י",16.0,0.0,0.0,0.0,16.0
1388,"צד""ל",145.0,12.0,0.0,0.0,157.0
1389,"לנצי""ב",7.0,0.0,0.0,0.0,7.0
1390,"ת""ט",27.0,0.0,0.0,0.0,27.0
1391,"מחו""ל",105.0,23.0,2.0,0.0,130.0
1392,"יל""ג",62.0,0.0,0.0,0.0,62.0
1393,"תרע""ז",28.0,0.0,0.0,0.0,28.0
1394,"פ""ח",8.0,0.0,0.0,0.0,8.0
1395,"פ""א",30.0,0.0,0.0,0.0,30.0
1396,"בג""ד",23.0,0.0,0.0,0.0,23.0
1397,"ב""קבוצה",5.0,1.0,0.0,0.0,6.0
1398,"ב""אוצר",8.0,0.0,0.0,0.0,8.0
1399,"ת""ת",13.0,0.0,0.0,0.0,13.0
1400,"חח""ע",28.0,0.0,0.0,0.0,28.0
1401,"שרש""י",11.0,0.0,0.0,0.0,11.0
1402,"תתנ""ו",25.0,0.0,0.0,0.0,25.0
1403,"שו""ם",7.0,0.0,0.0,0.0,7.0
1404,"לרמב""ן",19.0,0.0,0.0,0.0,19.0
1405,"המהרש""ל",18.0,0.0,0.0,0.0,18.0
1406,"יו""ט",14.0,0.0,0.0,0.0,14.0
1407,"נו""ן",14.0,0.0,0.0,0.0,14.0
1408,"יס""מ",11.0,3.0,0.0,0.0,14.0
1409,"י""ח",183.0,0.0,0.0,0.0,183.0
1410,"ל""בן",8.0,0.0,0.0,0.0,8.0
1411,"ל""ניו",10.0,0.0,0.0,0.0,10.0
1412,"ח""י",29.0,0.0,0.0,0.0,29.0
1413,"ורד""ק",6.0,0.0,0.0,0.0,6.0
1414,"ה""כופרים",6.0,0.0,0.0,0.0,6.0
1415,"כ""ץ",318.0,7.0,0.0,0.0,325.0
1416,"תל""ם",26.0,0.0,0.0,0.0,26.0
1417,"תנ""כית",19.0,0.0,0.0,0.0,19.0
1418,"למ""ס",3.0,11.0,0.0,0.0,14.0
1419,"מלמ""ק",29.0,0.0,0.0,0.0,29.0
1420,"פ""ו",6.0,0.0,0.0,0.0,6.0
1421,"ב""חברה",11.0,0.0,0.0,0.0,11.0
1422,"יפת""ח",7.0,0.0,0.0,0.0,7.0
1423,"מו""לים",17.0,0.0,0.0,0.0,17.0
1424,"ל""שחרור",6.0,0.0,0.0,0.0,6.0
1425,"מלבי""ם",25.0,0.0,0.0,0.0,25.0
1426,"מל""ב",15.0,0.0,0.0,0.0,15.0
1427,"תרפ""ה",57.0,0.0,0.0,0.0,57.0
1428,"כ""חבר",6.0,0.0,0.0,0.0,6.0
1429,"פאג""י",9.0,0.0,0.0,0.0,9.0
1430,"הע""ל",11.0,0.0,0.0,0.0,11.0
1431,"ט""ז",150.0,0.0,0.0,0.0,150.0
1432,"כ""ארגון",8.0,0.0,0.0,0.0,8.0
1433,"בינ""ה",12.0,0.0,0.0,0.0,12.0
1434,"השב""כ",491.0,48.0,5.0,0.0,544.0
1435,"תשנ""ה",148.0,0.0,0.0,0.0,148.0
1436,"התשע""ט",11.0,0.0,0.0,0.0,11.0
1437,"ואדמו""רים",11.0,0.0,0.0,0.0,11.0
1438,"ו""לילה",7.0,0.0,0.0,0.0,7.0
1439,"בי""ט",30.0,0.0,0.0,0.0,30.0
1440,"ב""פרס",33.0,0.0,0.0,0.0,33.0
1441,"האדמו""ר",585.0,0.0,0.0,0.0,585.0
1442,"אל""ה",6.0,0.0,0.0,0.0,6.0
1443,"והמו""ל",7.0,0.0,0.0,0.0,7.0
1444,"ו""עוד",9.0,0.0,0.0,0.0,9.0
1445,"ש""ז",16.0,0.0,0.0,0.0,16.0
1446,"אונסקו""פ",37.0,0.0,0.0,0.0,37.0
1447,"ו""לא",44.0,4.0,0.0,0.0,48.0
1448,"אטי""ב",16.0,0.0,0.0,0.0,16.0
1449,"ל""גבעת",6.0,0.0,0.0,0.0,6.0
1450,"בט""ז",24.0,0.0,0.0,0.0,24.0
1451,"ה""באונטי",7.0,0.0,0.0,0.0,7.0
1452,"ה""פנדורה",6.0,0.0,0.0,0.0,6.0
1453,"ק""ד",10.0,0.0,0.0,0.0,10.0
1454,"תש""ע",207.0,0.0,0.0,0.0,207.0
1455,"במד""א",10.0,0.0,0.0,0.0,10.0
1456,"אומ""ץ",12.0,0.0,0.0,0.0,12.0
1457,"תשס""ג",188.0,0.0,0.0,0.0,188.0
1458,"לנאס""א",32.0,0.0,0.0,0.0,32.0
1459,"מנאס""א",11.0,0.0,0.0,0.0,11.0
1460,"אחמ""ש",9.0,0.0,0.0,0.0,9.0
1461,"תשנ""ז",175.0,0.0,0.0,0.0,175.0
1462,"בדוא""ל",14.0,0.0,0.0,0.0,14.0
1463,"לאש""ף",37.0,7.0,0.0,0.0,44.0
1464,"ובי""ס",6.0,0.0,0.0,0.0,6.0
1465,"צה""ליים",13.0,2.0,0.0,0.0,15.0
1466,"ב""סגנון",7.0,0.0,0.0,0.0,7.0
1467,"אש""ף",619.0,57.0,0.0,0.0,676.0
1468,"רמבי""ש",10.0,0.0,0.0,0.0,10.0
1469,"המע""ר",14.0,0.0,0.0,0.0,14.0
1470,"הסמג""ד",11.0,0.0,0.0,0.0,11.0
1471,"נ""ח",13.0,0.0,0.0,0.0,13.0
1472,"החז""לי",7.0,0.0,0.0,0.0,7.0
1473,"נח""ת",12.0,0.0,0.0,0.0,12.0
1474,"הפלנ""ט",14.0,0.0,0.0,0.0,14.0
1475,"כטמ""ם",6.0,0.0,0.0,0.0,6.0
1476,"המל""טים",5.0,24.0,0.0,0.0,29.0
1477,"בשפד""ן",7.0,0.0,0.0,0.0,7.0
1478,"כ""נסיך",6.0,0.0,0.0,0.0,6.0
1479,"הנח""ל",508.0,0.0,0.0,0.0,508.0
1480,"ה""פוסט",5.0,1.0,0.0,0.0,6.0
1481,"מהמטכ""ל",7.0,0.0,0.0,0.0,7.0
1482,"רע""מ",28.0,15.0,0.0,0.0,43.0
1483,"וחד""ש",13.0,2.0,0.0,0.0,15.0
1484,"תרל""ד",12.0,0.0,0.0,0.0,12.0
1485,"מח""ט",56.0,1.0,1.0,0.0,58.0
1486,"מפא""ת",9.0,1.0,0.0,0.0,10.0
1487,"מזל""ט",12.0,0.0,4.0,0.0,16.0
1488,"ה""נשר",8.0,0.0,0.0,0.0,8.0
1489,"יוניפי""ל",19.0,88.0,0.0,0.0,107.0
1490,"ה""פוטש",6.0,0.0,0.0,0.0,6.0
1491,"ל""מעריב",15.0,0.0,0.0,0.0,15.0
1492,"ל""ידיעות",12.0,3.0,0.0,0.0,15.0
1493,"ו""מעריב",9.0,0.0,0.0,0.0,9.0
1494,"ב""מעריב",71.0,0.0,0.0,0.0,71.0
1495,"ה""דיילי",11.0,0.0,0.0,0.0,11.0
1496,"פז""ם",26.0,0.0,0.0,0.0,26.0
1497,"המנכ""לית",7.0,0.0,0.0,0.0,7.0
1498,"תר""ל",18.0,0.0,0.0,0.0,18.0
1499,"לתמ""ג",18.0,6.0,0.0,0.0,24.0
1500,"ל""מדינת",5.0,1.0,0.0,0.0,6.0
1501,"נל""ר",8.0,0.0,0.0,0.0,8.0
1502,"כ""ה",123.0,0.0,0.0,0.0,123.0
1503,"בדו""חות",18.0,6.0,0.0,0.0,24.0
1504,"תרל""ו",9.0,0.0,0.0,0.0,9.0
1505,"ה""ארמייה",8.0,0.0,0.0,0.0,8.0
1506,"והרי""ף",8.0,0.0,0.0,0.0,8.0
1507,"ואדמו""ר",6.0,0.0,0.0,0.0,6.0
1508,"ה""אמרי",16.0,0.0,0.0,0.0,16.0
1509,"אדמו""רי",72.0,0.0,0.0,0.0,72.0
1510,"רי""ז",6.0,0.0,0.0,0.0,6.0
1511,"הנ""ך",6.0,0.0,0.0,0.0,6.0
1512,"ב""עולם",18.0,0.0,0.0,0.0,18.0
1513,"הגאב""ד",7.0,0.0,0.0,0.0,7.0
1514,"אדמו""רים",49.0,0.0,0.0,0.0,49.0
1515,"רידב""ז",7.0,0.0,0.0,0.0,7.0
1516,"ע""ע",37.0,0.0,0.0,0.0,37.0
1517,"ואח""כ",8.0,0.0,0.0,0.0,8.0
1518,"מג""ל",10.0,0.0,0.0,0.0,10.0
1519,"שמ""ט",7.0,0.0,0.0,0.0,7.0
1520,"ל""יום",11.0,3.0,0.0,0.0,14.0
1521,"תרי""ז",6.0,0.0,0.0,0.0,6.0
1522,"רי""ב",40.0,0.0,0.0,0.0,40.0
1523,"המו""מ",1.0,10.0,1.0,0.0,12.0
1524,"רי""ף",6.0,0.0,0.0,0.0,6.0
1525,"תרס""ג",34.0,0.0,0.0,0.0,34.0
1526,"באדמו""רות",25.0,0.0,0.0,0.0,25.0
1527,"תרמ""א",19.0,0.0,0.0,0.0,19.0
1528,"בה""ג",12.0,0.0,0.0,0.0,12.0
1529,"ו""ילדי",7.0,0.0,0.0,0.0,7.0
1530,"הי""ד",26.0,0.0,0.0,0.0,26.0
1531,"התשנ""ח",13.0,0.0,0.0,0.0,13.0
1532,"מצ""ד",11.0,0.0,0.0,0.0,11.0
1533,"כראב""ד",6.0,0.0,0.0,0.0,6.0
1534,"ל""ארגון",5.0,1.0,0.0,0.0,6.0
1535,"למנכ""לית",6.0,0.0,0.0,0.0,6.0
1536,"תרמ""ה",17.0,0.0,0.0,0.0,17.0
1537,"ב""עקרונות",6.0,0.0,0.0,0.0,6.0
1538,"תרס""ד",39.0,0.0,0.0,0.0,39.0
1539,"ברמ""א",7.0,0.0,0.0,0.0,7.0
1540,"בשו""ע",6.0,0.0,0.0,0.0,6.0
1541,"תרע""ט",29.0,0.0,0.0,0.0,29.0
1542,"ב""כל",10.0,0.0,0.0,0.0,10.0
1543,"ל""היכל",15.0,0.0,0.0,0.0,15.0
1544,"כ""ילד",7.0,0.0,0.0,0.0,7.0
1545,"ל""כוכב",7.0,0.0,0.0,0.0,7.0
1546,"ל""שירות",8.0,0.0,0.0,0.0,8.0
1547,"תרפ""ד",87.0,0.0,0.0,0.0,87.0
1548,"בתשע""ח",9.0,0.0,0.0,0.0,9.0
1549,"ב""חוק",22.0,1.0,0.0,0.0,23.0
1550,"תרצ""ט",125.0,0.0,0.0,0.0,125.0
1551,"ו""דבר",11.0,0.0,0.0,0.0,11.0
1552,"תקצ""ט",10.0,0.0,0.0,0.0,10.0
1553,"תרי""ח",12.0,0.0,0.0,0.0,12.0
1554,"ה""קלאסיים",6.0,0.0,0.0,0.0,6.0
1555,"מפכ""ל",43.0,11.0,0.0,0.0,54.0
1556,"הריי""צ",18.0,0.0,0.0,0.0,18.0
1557,"רמב""י",6.0,0.0,0.0,0.0,6.0
1558,"א""מ",7.0,0.0,0.0,0.0,7.0
1559,"אדמור""י",12.0,0.0,0.0,0.0,12.0
1560,"המהרש""א",18.0,0.0,0.0,0.0,18.0
1561,"המהרי""ט",7.0,0.0,0.0,0.0,7.0
1562,"פ""ד",38.0,6.0,0.0,0.0,44.0
1563,"ארה""ב",52.0,160.0,0.0,0.0,212.0
1564,"ב""נאום",8.0,3.0,0.0,0.0,11.0
1565,"אאל""ט",13.0,0.0,0.0,0.0,13.0
1566,"בי""ב",32.0,0.0,0.0,0.0,32.0
1567,"ובפלמ""ח",7.0,0.0,0.0,0.0,7.0
1568,"ו""צבא",6.0,0.0,0.0,0.0,6.0
1569,"לאדמו""רים",9.0,0.0,0.0,0.0,9.0
1570,"ל""צבא",19.0,5.0,0.0,0.0,24.0
1571,"ל""ראש",9.0,0.0,0.0,0.0,9.0
1572,"ל""תנועת",7.0,0.0,0.0,0.0,7.0
1573,"ל""בנק",7.0,0.0,0.0,0.0,7.0
1574,"ה""צעירים",8.0,0.0,0.0,0.0,8.0
1575,"ל""ועדת",6.0,0.0,0.0,0.0,6.0
1576,"כ""אחד",12.0,0.0,0.0,0.0,12.0
1577,"תרפ""ו",48.0,0.0,0.0,0.0,48.0
1578,"ה""קופה",8.0,0.0,0.0,0.0,8.0
1579,"ב""קופה",6.0,0.0,0.0,0.0,6.0
1580,"תש""ד",84.0,0.0,0.0,0.0,84.0
1581,"המפכ""ל",41.0,2.0,0.0,0.0,43.0
1582,"אז""ר",52.0,0.0,0.0,0.0,52.0
1583,"תשט""ו",112.0,0.0,0.0,0.0,112.0
1584,"תרל""ט",16.0,0.0,0.0,0.0,16.0
1585,"הש""ס",127.0,0.0,0.0,0.0,127.0
1586,"התשכ""א",6.0,0.0,0.0,0.0,6.0
1587,"תשכ""ג",78.0,0.0,0.0,0.0,78.0
1588,"לגדנ""ע",13.0,0.0,0.0,0.0,13.0
1589,"והצל""שים",6.0,0.0,0.0,0.0,6.0
1590,"תשל""ב",134.0,0.0,0.0,0.0,134.0
1591,"כ""נס",7.0,0.0,0.0,0.0,7.0
1592,"תשמ""ו",133.0,0.0,0.0,0.0,133.0
1593,"ב""ראו",7.0,0.0,0.0,0.0,7.0
1594,"תשנ""ד",156.0,0.0,0.0,0.0,156.0
1595,"ל""פורום",3.0,3.0,0.0,0.0,6.0
1596,"בסל""ד",9.0,0.0,0.0,0.0,9.0
1597,"תרט""ו",15.0,0.0,0.0,0.0,15.0
1598,"במט""ח",17.0,7.0,0.0,0.0,24.0
1599,"מד""ר",6.0,0.0,0.0,0.0,6.0
1600,"שו""ת",266.0,0.0,0.0,0.0,266.0
1601,"ו""ישראל",5.0,1.0,0.0,0.0,6.0
1602,"ח""כ",194.0,10.0,0.0,0.0,204.0
1603,"סת""ם",61.0,0.0,0.0,0.0,61.0
1604,"כאדמו""ר",75.0,0.0,0.0,0.0,75.0
1605,"ב""ערוץ",19.0,0.0,0.0,0.0,19.0
1606,"התש""ן",6.0,0.0,0.0,0.0,6.0
1607,"תשע""ז",139.0,1.0,0.0,0.0,140.0
1608,"התשס""ו",15.0,0.0,0.0,0.0,15.0
1609,"ב""ב",7.0,0.0,0.0,0.0,7.0
1610,"אבד""ק",8.0,0.0,0.0,0.0,8.0
1611,"לאדמו""ר",63.0,0.0,0.0,0.0,63.0
1612,"שליט""א",16.0,0.0,0.0,0.0,16.0
1613,"ב""תיכון",6.0,0.0,0.0,0.0,6.0
1614,"ב""מרוץ",6.0,0.0,0.0,0.0,6.0
1615,"ב""שומר",3.0,8.0,0.0,0.0,11.0
1616,"נדל""נית",5.0,1.0,0.0,0.0,6.0
1617,"בד""ץ",38.0,0.0,0.0,0.0,38.0
1618,"ל""עולם",12.0,0.0,0.0,0.0,12.0
1619,"מ""ו",22.0,0.0,0.0,0.0,22.0
1620,"אדמו""ר",150.0,0.0,0.0,0.0,150.0
1621,"בקק""ל",7.0,0.0,0.0,0.0,7.0
1622,"כ""גרעין",6.0,0.0,0.0,0.0,6.0
1623,"וכיו""ב",13.0,6.0,0.0,0.0,19.0
1624,"אח""כ",21.0,0.0,0.0,0.0,21.0
1625,"כ""יום",40.0,1.0,0.0,0.0,41.0
1626,"ו""העולם",6.0,0.0,0.0,0.0,6.0
1627,"לחו""ל",91.0,11.0,1.0,0.0,103.0
1628,"וכיוצ""ב",11.0,1.0,0.0,0.0,12.0
1629,"תרצ""ח",80.0,0.0,0.0,0.0,80.0
1630,"ל""ערכים",8.0,0.0,0.0,0.0,8.0
1631,"לע""מ",22.0,0.0,0.0,0.0,22.0
1632,"התשפ""א",7.0,0.0,0.0,0.0,7.0
1633,"לר""מ",10.0,0.0,0.0,0.0,10.0
1634,"כר""מ",56.0,0.0,0.0,0.0,56.0
1635,"ע""ז",10.0,0.0,0.0,0.0,10.0
1636,"לפסה""נ",42.0,0.0,0.0,0.0,42.0
1637,"תשפ""א",142.0,1.0,0.0,0.0,143.0
1638,"אמר""ל",9.0,0.0,0.0,0.0,9.0
1639,"כ""אות",6.0,0.0,0.0,0.0,6.0
1640,"ק""ק",6.0,0.0,0.0,0.0,6.0
1641,"ו""חוק",8.0,0.0,0.0,0.0,8.0
1642,"מ""ם",16.0,0.0,0.0,0.0,16.0
1643,"מכת""ז",12.0,0.0,0.0,0.0,12.0
1644,"ר""מ",147.0,0.0,0.0,0.0,147.0
1645,"זי""ן",11.0,0.0,0.0,0.0,11.0
1646,"תשע""ב",208.0,0.0,0.0,0.0,208.0
1647,"תה""ל",8.0,0.0,0.0,0.0,8.0
1648,"לסא""ל",7.0,0.0,0.0,0.0,7.0
1649,"של""י",22.0,0.0,0.0,0.0,22.0
1650,"מהו""ת",15.0,0.0,0.0,0.0,15.0
1651,"לארה""ב",1.0,13.0,0.0,0.0,14.0
1652,"ור""מ",19.0,0.0,0.0,0.0,19.0
1653,"שי""ר",15.0,0.0,0.0,0.0,15.0
1654,"לחז""ל",10.0,0.0,0.0,0.0,10.0
1655,"א""נ",8.0,0.0,0.0,0.0,8.0
1656,"תשל""א",107.0,0.0,0.0,0.0,107.0
1657,"רוס""ר",6.0,0.0,0.0,0.0,6.0
1658,"ל""מקדש",7.0,0.0,0.0,0.0,7.0
1659,"זצ""ל",108.0,0.0,0.0,0.0,108.0
1660,"ב""אזור",12.0,2.0,0.0,0.0,14.0
1661,"לאונסק""ו",15.0,1.0,0.0,0.0,16.0
1662,"תשמ""ה",137.0,0.0,0.0,0.0,137.0
1663,"לאונר""א",13.0,10.0,0.0,0.0,23.0
1664,"הרצי""ה",118.0,0.0,0.0,0.0,118.0
1665,"וסמ""ר",6.0,0.0,0.0,0.0,6.0
1666,"בפת""ח",14.0,9.0,1.0,0.0,24.0
1667,"תנ""ך",348.0,0.0,0.0,0.0,348.0
1668,"מזכ""לי",8.0,0.0,0.0,0.0,8.0
1669,"תשס""ב",199.0,0.0,0.0,0.0,199.0
1670,"כ""מלך",32.0,0.0,0.0,0.0,32.0
1671,"התש""ע",13.0,0.0,0.0,0.0,13.0
1672,"התשפ""ב",10.0,0.0,0.0,0.0,10.0
1673,"ל""הפועל",9.0,0.0,0.0,0.0,9.0
1674,"תשס""ט",201.0,0.0,0.0,0.0,201.0
1675,"מנכ""לי",14.0,2.0,0.0,0.0,16.0
1676,"ל""דבר",6.0,0.0,0.0,0.0,6.0
1677,"ו""הבית",6.0,0.0,0.0,0.0,6.0
1678,"לש""ב",8.0,0.0,0.0,0.0,8.0
1679,"כמנכ""ל",121.0,0.0,0.0,0.0,121.0
1680,"הרדב""ז",25.0,0.0,0.0,0.0,25.0
1681,"ב""מרחב",5.0,6.0,0.0,0.0,11.0
1682,"הש""ב",8.0,0.0,0.0,0.0,8.0
1683,"ל""מדינות",7.0,0.0,0.0,0.0,7.0
1684,"ופת""ח",12.0,10.0,0.0,0.0,22.0
1685,"ב""מגזין",7.0,0.0,0.0,0.0,7.0
1686,"רק""ח",40.0,0.0,0.0,0.0,40.0
1687,"במק""י",10.0,0.0,0.0,0.0,10.0
1688,"עו""ד",199.0,13.0,0.0,0.0,212.0
1689,"ב""ליל",13.0,0.0,0.0,0.0,13.0
1690,"בג""ץ",500.0,43.0,0.0,0.0,543.0
1691,"הראי""ה",238.0,0.0,0.0,0.0,238.0
1692,"רנ""א",24.0,0.0,0.0,0.0,24.0
1693,"הרנ""א",7.0,0.0,0.0,0.0,7.0
1694,"והתנ""ך",19.0,0.0,0.0,0.0,19.0
1695,"ע""פ",162.0,1.0,0.0,0.0,163.0
1696,"ראי""ה",6.0,0.0,0.0,0.0,6.0
1697,"חל""ך",7.0,0.0,0.0,0.0,7.0
1698,"תשפ""ב",129.0,0.0,0.0,0.0,129.0
1699,"חי""ש",23.0,0.0,0.0,0.0,23.0
1700,"והרמב""ם",45.0,0.0,0.0,0.0,45.0
1701,"וגח""ל",18.0,0.0,0.0,0.0,18.0
1702,"שחז""ל",29.0,0.0,0.0,0.0,29.0
1703,"ל""משרד",6.0,0.0,0.0,0.0,6.0
1704,"אד""ל",7.0,0.0,0.0,0.0,7.0
1705,"תמ""י",16.0,0.0,0.0,0.0,16.0
1706,"בחמ""ל",5.0,1.0,0.0,0.0,6.0
1707,"ו""אין",13.0,1.0,0.0,0.0,14.0
1708,"ו""עולם",8.0,0.0,0.0,0.0,8.0
1709,"זב""מ",28.0,0.0,0.0,0.0,28.0
1710,"ב""רשת",12.0,0.0,0.0,0.0,12.0
1711,"אבי""ע",6.0,0.0,0.0,0.0,6.0
1712,"התשמ""ב",7.0,0.0,0.0,0.0,7.0
1713,"התשמ""א",20.0,0.0,0.0,0.0,20.0
1714,"ל""קול",10.0,0.0,0.0,0.0,10.0
1715,"ה""קול",7.0,0.0,0.0,0.0,7.0
1716,"התשמ""ג",6.0,0.0,0.0,0.0,6.0
1717,"התשל""ז",10.0,0.0,0.0,0.0,10.0
1718,"פא""ן",6.0,0.0,0.0,0.0,6.0
1719,"ב""מכון",13.0,0.0,0.0,0.0,13.0
1720,"פ""נ",6.0,0.0,0.0,0.0,6.0
1721,"והרמב""ן",11.0,0.0,0.0,0.0,11.0
1722,"י""מ",7.0,0.0,0.0,0.0,7.0
1723,"מה""ד",9.0,0.0,0.0,0.0,9.0
1724,"אה""מ",127.0,0.0,0.0,0.0,127.0
1725,"כ""חוק",10.0,0.0,0.0,0.0,10.0
1726,"נ""ך",6.0,0.0,0.0,0.0,6.0
1727,"ברי""ל",8.0,0.0,0.0,0.0,8.0
1728,"תרכ""ג",8.0,0.0,0.0,0.0,8.0
1729,"תק""ע",12.0,0.0,0.0,0.0,12.0
1730,"ובסה""כ",15.0,3.0,0.0,0.0,18.0
1731,"ו""מר",6.0,0.0,0.0,0.0,6.0
1732,"ואה""מ",12.0,0.0,0.0,0.0,12.0
1733,"פ""ת",13.0,0.0,0.0,0.0,13.0
1734,"ה""קומדי",6.0,0.0,0.0,0.0,6.0
1735,"בא""י",101.0,0.0,0.0,0.0,101.0
1736,"ל""עם",6.0,0.0,0.0,0.0,6.0
1737,"ו""קשת",8.0,0.0,0.0,0.0,8.0
1738,"ב""סלון",9.0,0.0,0.0,0.0,9.0
1739,"חי""ת",9.0,0.0,0.0,0.0,9.0
1740,"תרכ""ד",11.0,0.0,0.0,0.0,11.0
1741,"ע""י",270.0,29.0,0.0,0.0,299.0
1742,"ו""שני",9.0,0.0,0.0,0.0,9.0
1743,"בארה""ב",26.0,33.0,0.0,0.0,59.0
1744,"ה""גזע",6.0,0.0,0.0,0.0,6.0
1745,"ה""אול",6.0,0.0,0.0,0.0,6.0
1746,"לספה""נ",10.0,0.0,0.0,0.0,10.0
1747,"ימק""א",31.0,0.0,0.0,0.0,31.0
1748,"אצ""ג",26.0,0.0,0.0,0.0,26.0
1749,"תרפ""ב",73.0,0.0,0.0,0.0,73.0
1750,"בחי""ש",7.0,0.0,0.0,0.0,7.0
1751,"ב""ועד",7.0,0.0,0.0,0.0,7.0
1752,"תר""צ",9.0,0.0,0.0,0.0,9.0
1753,"תשכ""ח",125.0,0.0,0.0,0.0,125.0
1754,"תשל""ג",150.0,0.0,0.0,0.0,150.0
1755,"תשי""ג",82.0,1.0,0.0,0.0,83.0
1756,"תשכ""ט",123.0,0.0,0.0,0.0,123.0
1757,"ל""אל",13.0,3.0,0.0,0.0,16.0
1758,"תשס""ו",206.0,0.0,0.0,0.0,206.0
1759,"בצד""ל",12.0,0.0,0.0,0.0,12.0
1760,"ר""ת",46.0,0.0,0.0,0.0,46.0
1761,"תשל""ז",140.0,0.0,0.0,0.0,140.0
1762,"ב""לקסיקון",6.0,0.0,0.0,0.0,6.0
1763,"ב""שידורי",6.0,0.0,0.0,0.0,6.0
1764,"תרפ""ג",77.0,0.0,0.0,0.0,77.0
1765,"ה""אזור",7.0,0.0,0.0,0.0,7.0
1766,"תשכ""ז",123.0,0.0,0.0,0.0,123.0
1767,"תקמ""ו",8.0,0.0,0.0,0.0,8.0
1768,"אד""ם",16.0,0.0,0.0,0.0,16.0
1769,"תשכ""ב",78.0,0.0,0.0,0.0,78.0
1770,"תרי""ט",12.0,0.0,0.0,0.0,12.0
1771,"ל""מחנה",12.0,1.0,0.0,0.0,13.0
1772,"תרצ""א",46.0,0.0,0.0,0.0,46.0
1773,"כ""דת",7.0,0.0,0.0,0.0,7.0
1774,"תשי""ז",91.0,0.0,0.0,0.0,91.0
1775,"השו""ע",14.0,0.0,0.0,0.0,14.0
1776,"הרי""ל",6.0,0.0,0.0,0.0,6.0
1777,"הרי""מ",11.0,0.0,0.0,0.0,11.0
1778,"תש""ו",96.0,0.0,0.0,0.0,96.0
1779,"תרל""ח",13.0,0.0,0.0,0.0,13.0
1780,"שמ""א",9.0,0.0,0.0,0.0,9.0
1781,"ה""הופכי",7.0,0.0,0.0,0.0,7.0
1782,"ל""ה",23.0,0.0,0.0,0.0,23.0
1783,"כ""ו",116.0,0.0,0.0,0.0,116.0
1784,"תרכ""א",8.0,0.0,0.0,0.0,8.0
1785,"ב""משחק",7.0,6.0,0.0,0.0,13.0
1786,"כק""מ",15.0,0.0,0.0,0.0,15.0
1787,"כ""ב",130.0,0.0,0.0,0.0,130.0
1788,"ר""צ",10.0,0.0,0.0,0.0,10.0
1789,"כ""ח",123.0,0.0,0.0,0.0,123.0
1790,"תרי""ג",75.0,0.0,0.0,0.0,75.0
1791,"כ""מלחמת",8.0,2.0,0.0,0.0,10.0
1792,"לרמב""ם",150.0,0.0,0.0,0.0,150.0
1793,"ו""על",21.0,0.0,0.0,0.0,21.0
1794,"שהרמב""ן",6.0,0.0,0.0,0.0,6.0
1795,"ו""אהבה",6.0,0.0,0.0,0.0,6.0
1796,"מכ""מי",15.0,1.0,0.0,0.0,16.0
1797,"הרשב""א",81.0,0.0,0.0,0.0,81.0
1798,"וצד""ל",21.0,0.0,0.0,0.0,21.0
1799,"ה""אחים",4.0,2.0,0.0,0.0,6.0
1800,"ש""ל",6.0,0.0,0.0,0.0,6.0
1801,"כ""איש",19.0,0.0,0.0,0.0,19.0
1802,"כ""פעולה",6.0,0.0,0.0,0.0,6.0
1803,"באופ""ק",13.0,6.0,0.0,0.0,19.0
1804,"שט""ו",8.0,0.0,0.0,0.0,8.0
1805,"ת""ח",45.0,0.0,0.0,0.0,45.0
1806,"רפ""ג",6.0,0.0,0.0,0.0,6.0
1807,"תקמ""ח",9.0,0.0,0.0,0.0,9.0
1808,"כאדמו""רים",8.0,0.0,0.0,0.0,8.0
1809,"תרל""ב",15.0,0.0,0.0,0.0,15.0
1810,"הרא""ה",70.0,0.0,0.0,0.0,70.0
1811,"תפ""ז",6.0,0.0,0.0,0.0,6.0
1812,"ב""איש",7.0,0.0,0.0,0.0,7.0
1813,"ו""איש",13.0,1.0,0.0,0.0,14.0
1814,"ה""טוב",14.0,0.0,0.0,0.0,14.0
1815,"באב""ד",10.0,0.0,0.0,0.0,10.0
1816,"תרכ""ט",16.0,0.0,0.0,0.0,16.0
1817,"הרוא""ה",10.0,0.0,0.0,0.0,10.0
1818,"עכו""ם",15.0,0.0,0.0,0.0,15.0
1819,"תש""נ",10.0,0.0,0.0,0.0,10.0
1820,"רמב""ם",106.0,0.0,0.0,0.0,106.0
1821,"של""ה",12.0,0.0,0.0,0.0,12.0
1822,"תשכ""ד",107.0,0.0,0.0,0.0,107.0
1823,"כ""ד",116.0,0.0,0.0,0.0,116.0
1824,"מש""ה",14.0,0.0,0.0,0.0,14.0
1825,"הר""י",11.0,0.0,0.0,0.0,11.0
1826,"מו""ר",8.0,0.0,0.0,0.0,8.0
1827,"כ""ז",109.0,0.0,0.0,0.0,109.0
1828,"ו""פרס",9.0,0.0,0.0,0.0,9.0
1829,"ניל""י",172.0,0.0,0.0,0.0,172.0
1830,"ו""אנשי",6.0,0.0,0.0,0.0,6.0
1831,"אצ""י",19.0,0.0,0.0,0.0,19.0
1832,"תשמ""ד",134.0,0.0,0.0,0.0,134.0
1833,"תק""ס",6.0,0.0,0.0,0.0,6.0
1834,"קמ""ן",6.0,0.0,0.0,0.0,6.0
1835,"ורמב""ן",10.0,0.0,0.0,0.0,10.0
1836,"תרצ""ז",109.0,0.0,0.0,0.0,109.0
1837,"מע""ר",14.0,0.0,0.0,0.0,14.0
1838,"לשב""כ",27.0,3.0,0.0,0.0,30.0
1839,"תשנ""ב",167.0,0.0,0.0,0.0,167.0
1840,"כ""שטח",12.0,0.0,0.0,0.0,12.0
1841,"תי""ו",6.0,0.0,0.0,0.0,6.0
1842,"בד""כ",75.0,2.0,0.0,0.0,77.0
1843,"המלכ""ר",8.0,0.0,0.0,0.0,8.0
1844,"שש""ז",279.0,0.0,0.0,0.0,279.0
1845,"ל""ליגה",6.0,0.0,0.0,0.0,6.0
1846,"כ""מנהיג",5.0,1.0,0.0,0.0,6.0
1847,"ה""על",7.0,2.0,0.0,0.0,9.0
1848,"דה""ב",13.0,0.0,0.0,0.0,13.0
1849,"דבה""י",6.0,0.0,0.0,0.0,6.0
1850,"שה""ם",7.0,0.0,0.0,0.0,7.0
1851,"וט""ו",6.0,0.0,0.0,0.0,6.0
1852,"תק""ד",8.0,0.0,0.0,0.0,8.0
1853,"בשב""כ",80.0,1.0,3.0,0.0,84.0
1854,"מציל""ה",12.0,0.0,0.0,0.0,12.0
1855,"ממר""י",7.0,1.0,0.0,0.0,8.0
1856,"המשת""פים",5.0,0.0,1.0,0.0,6.0
1857,"ו""כיבוש",6.0,0.0,0.0,0.0,6.0
1858,"ל""תור",6.0,1.0,0.0,0.0,7.0
1859,"צ""ל",11.0,0.0,0.0,0.0,11.0
1860,"אה""ו",13.0,0.0,0.0,0.0,13.0
1861,"מו""מ",1.0,8.0,1.0,0.0,10.0
1862,"ו""האיש",10.0,0.0,0.0,0.0,10.0
1863,"ו""קול",8.0,0.0,0.0,0.0,8.0
1864,"התשע""ח",6.0,1.0,0.0,0.0,7.0
1865,"הרלב""ג",38.0,0.0,0.0,0.0,38.0
1866,"מהשב""כ",10.0,0.0,1.0,0.0,11.0
1867,"התשב""ץ",9.0,0.0,0.0,0.0,9.0
1868,"ס""א",8.0,0.0,0.0,0.0,8.0
1869,"ס""ד",10.0,0.0,0.0,0.0,10.0
1870,"אל""ף",50.0,0.0,3.0,0.0,53.0
1871,"כ""מרכז",11.0,0.0,0.0,0.0,11.0
1872,"ח""ץ",6.0,0.0,0.0,0.0,6.0
1873,"הפת""ח",164.0,24.0,1.0,0.0,189.0
1874,"גד""ש",6.0,0.0,0.0,0.0,6.0
1875,"פצמ""ר",9.0,0.0,0.0,0.0,9.0
1876,"שהתנ""ך",8.0,0.0,0.0,0.0,8.0
1877,"התש""ט",11.0,0.0,0.0,0.0,11.0
1878,"ב""רשומות",22.0,0.0,0.0,0.0,22.0
1879,"מהתל""ג",37.0,1.0,0.0,0.0,38.0
1880,"מא""י",12.0,0.0,0.0,0.0,12.0
1881,"ה""אין",8.0,0.0,0.0,0.0,8.0
1882,"פו""ם",6.0,0.0,0.0,0.0,6.0
1883,"חש""ן",11.0,0.0,0.0,0.0,11.0
1884,"ב""יד",11.0,0.0,0.0,0.0,11.0
1885,"ליו""ר",268.0,4.0,0.0,0.0,272.0
1886,"נל""נ",6.0,0.0,0.0,0.0,6.0
1887,"ב""עמק",6.0,0.0,0.0,0.0,6.0
1888,"וע""י",13.0,0.0,0.0,0.0,13.0
1889,"פלי""ם",9.0,0.0,0.0,0.0,9.0
1890,"ב""כפר",7.0,0.0,0.0,0.0,7.0
1891,"ה""רולינג",6.0,0.0,0.0,0.0,6.0
1892,"ה""נאו",7.0,0.0,0.0,0.0,7.0
1893,"ב""בית",85.0,0.0,0.0,0.0,85.0
1894,"ב""איחוד",5.0,1.0,0.0,0.0,6.0
1895,"שח""ם",10.0,0.0,0.0,0.0,10.0
1896,"מזא""ה",32.0,0.0,0.0,0.0,32.0
1897,"הס""ס",16.0,0.0,0.0,0.0,16.0
1898,"ונאט""ו",9.0,24.0,0.0,0.0,33.0
1899,"ו""מלחמת",8.0,0.0,0.0,0.0,8.0
1900,"ה""אני",41.0,0.0,0.0,0.0,41.0
1901,"ב""כוח",33.0,1.0,0.0,0.0,34.0
1902,"התמ""ת",15.0,0.0,0.0,0.0,15.0
1903,"קק""ל",161.0,1.0,0.0,0.0,162.0
1904,"תשמ""ב",136.0,0.0,0.0,0.0,136.0
1905,"תש""ט",104.0,0.0,0.0,0.0,104.0
1906,"ובד""כ",6.0,0.0,0.0,0.0,6.0
1907,"בחו""ל",285.0,62.0,1.0,1.0,349.0
1908,"נמ""ר",51.0,0.0,0.0,0.0,51.0
1909,"אא""ג",6.0,0.0,0.0,0.0,6.0
1910,"ריק""ם",19.0,0.0,0.0,0.0,19.0
1911,"הגדנ""ע",112.0,0.0,0.0,0.0,112.0
1912,"ש""מ",15.0,0.0,0.0,0.0,15.0
1913,"מאונסק""ו",5.0,3.0,0.0,0.0,8.0
1914,"ב""אנציקלופדיה",11.0,0.0,0.0,0.0,11.0
1915,"כ""אבי",19.0,0.0,0.0,0.0,19.0
1916,"ת""ע",6.0,0.0,0.0,0.0,6.0
1917,"י""ט",138.0,0.0,0.0,0.0,138.0
1918,"תקל""ג",7.0,0.0,0.0,0.0,7.0
1919,"ללח""י",18.0,0.0,0.0,0.0,18.0
1920,"הבעש""ט",114.0,0.0,0.0,0.0,114.0
1921,"בנתב""ג",16.0,1.0,0.0,0.0,17.0
1922,"הפו""ש",11.0,0.0,0.0,0.0,11.0
1923,"שהפלמ""ח",6.0,0.0,0.0,0.0,6.0
1924,"תקל""ב",8.0,0.0,0.0,0.0,8.0
1925,"המתנ""סים",14.0,0.0,0.0,0.0,14.0
1926,"ק""ב",11.0,0.0,0.0,0.0,11.0
1927,"אק""ג",11.0,0.0,0.0,0.0,11.0
1928,"כטב""מ",1.0,16.0,0.0,0.0,17.0
1929,"התל""ג",41.0,0.0,0.0,0.0,41.0
1930,"לבעש""ט",7.0,0.0,0.0,0.0,7.0
1931,"ה""בלתי",9.0,0.0,0.0,0.0,9.0
1932,"תקס""ד",6.0,0.0,0.0,0.0,6.0
1933,"תר""ם",10.0,0.0,0.0,0.0,10.0
1934,"תרע""א",43.0,0.0,0.0,0.0,43.0
1935,"ובחז""ל",11.0,0.0,0.0,0.0,11.0
1936,"הריב""ש",14.0,0.0,0.0,0.0,14.0
1937,"בהל""ץ",8.0,0.0,0.0,0.0,8.0
1938,"מאמ""ת",9.0,0.0,0.0,0.0,9.0
1939,"לק""מ",8.0,0.0,0.0,0.0,8.0
1940,"האר""י",272.0,0.0,0.0,0.0,272.0
1941,"תשע""ה",161.0,0.0,0.0,0.0,161.0
1942,"ס""ז",8.0,0.0,0.0,0.0,8.0
1943,"סה""כ",153.0,5.0,0.0,0.0,158.0
1944,"בעש""ט",7.0,0.0,0.0,0.0,7.0
1945,"כ""משפט",7.0,0.0,0.0,0.0,7.0
1946,"ר""ן",6.0,0.0,0.0,0.0,6.0
1947,"ה""קלאסי",8.0,1.0,0.0,0.0,9.0
1948,"תר""ץ",46.0,0.0,0.0,0.0,46.0
1949,"כ""מדע",6.0,0.0,0.0,0.0,6.0
1950,"קה""ת",71.0,0.0,0.0,0.0,71.0
1951,"כ""ספר",7.0,0.0,0.0,0.0,7.0
1952,"ו""צ",7.0,0.0,0.0,0.0,7.0
1953,"ל""מפלגת",10.0,0.0,0.0,0.0,10.0
1954,"ל""הרפובליקה",7.0,0.0,0.0,0.0,7.0
1955,"ה""חיפושית",7.0,0.0,0.0,0.0,7.0
1956,"בנדל""ן",21.0,0.0,0.0,0.0,21.0
1957,"כ""להקת",6.0,0.0,0.0,0.0,6.0
1958,"הלח""י",153.0,0.0,0.0,0.0,153.0
1959,"כטב""מים",10.0,71.0,1.0,0.0,82.0
1960,"כטב""ם",8.0,6.0,0.0,0.0,14.0
1961,"ב""ממשלת",7.0,2.0,0.0,0.0,9.0
1962,"תשמ""ח",163.0,0.0,0.0,0.0,163.0
1963,"מט""ח",306.0,4.0,0.0,0.0,310.0
1964,"חו""מ",6.0,0.0,0.0,0.0,6.0
1965,"ל""צ",8.0,0.0,0.0,0.0,8.0
1966,"ל""מלחמת",12.0,6.0,0.0,0.0,18.0
1967,"פ""ג",12.0,0.0,0.0,0.0,12.0
1968,"ל""כל",10.0,0.0,0.0,0.0,10.0
1969,"צ""ד",7.0,0.0,0.0,0.0,7.0
1970,"ז""א",19.0,0.0,0.0,0.0,19.0
1971,"נ""ב",15.0,0.0,0.0,0.0,15.0
1972,"המבי""ט",15.0,0.0,0.0,0.0,15.0
1973,"תשמ""ג",188.0,0.0,0.0,0.0,188.0
1974,"אי""ש",10.0,0.0,0.0,0.0,10.0
1975,"מהרי""ל",10.0,0.0,0.0,0.0,10.0
1976,"בהר""ן",10.0,0.0,0.0,0.0,10.0
1977,"כ""רפובליקה",6.0,0.0,0.0,0.0,6.0
1978,"ש""ס",339.0,2.0,0.0,0.0,341.0
1979,"התשמ""ו",6.0,0.0,0.0,0.0,6.0
1980,"הש""ג",5.0,0.0,1.0,0.0,6.0
1981,"ת""ק",11.0,0.0,0.0,0.0,11.0
1982,"שח""ל",9.0,0.0,0.0,0.0,9.0
1983,"שד""ל",37.0,0.0,0.0,0.0,37.0
1984,"תשכ""ה",110.0,0.0,0.0,0.0,110.0
1985,"אג""מ",8.0,1.0,0.0,0.0,9.0
1986,"הש""ך",23.0,0.0,0.0,0.0,23.0
1987,"ב""צוק",2.0,12.0,2.0,0.0,16.0
1988,"סמח""ט",12.0,0.0,0.0,0.0,12.0
1989,"ועפ""י",7.0,0.0,0.0,0.0,7.0
1990,"תשצ""ח",7.0,0.0,0.0,0.0,7.0
1991,"מת""א",7.0,0.0,0.0,0.0,7.0
1992,"מחז""ל",9.0,0.0,0.0,0.0,9.0
1993,"ושו""ת",11.0,0.0,0.0,0.0,11.0
1994,"תק""ג",6.0,0.0,0.0,0.0,6.0
1995,"קמ""ג",12.0,0.0,0.0,0.0,12.0
1996,"הקב""ה",131.0,0.0,0.0,0.0,131.0
1997,"נתב""ג",19.0,2.0,0.0,0.0,21.0
1998,"כ""מורה",7.0,0.0,0.0,0.0,7.0
1999,"תרע""ג",44.0,0.0,0.0,0.0,44.0
2000,"תשי""ח",95.0,0.0,0.0,0.0,95.0
2001,"ביו""ד",25.0,0.0,0.0,0.0,25.0
2002,"היו""ד",17.0,0.0,0.0,0.0,17.0
2003,"תשל""ד",124.0,1.0,0.0,0.0,125.0
2004,"ב""הצופה",8.0,0.0,0.0,0.0,8.0
2005,"ה""מורה",8.0,0.0,0.0,0.0,8.0
2006,"ה""חכם",9.0,0.0,0.0,0.0,9.0
2007,"אג""ם",79.0,2.0,0.0,0.0,81.0
2008,"ו""היה",7.0,0.0,0.0,0.0,7.0
2009,"האג""ם",8.0,0.0,0.0,0.0,8.0
2010,"קמב""ץ",11.0,0.0,0.0,0.0,11.0
2011,"לצד""ל",14.0,0.0,0.0,0.0,14.0
2012,"סמג""ד",9.0,0.0,0.0,0.0,9.0
2013,"יק""ל",10.0,0.0,0.0,0.0,10.0
2014,"צמ""פ",7.0,0.0,0.0,0.0,7.0
2015,"ל""שלום",11.0,0.0,0.0,0.0,11.0
2016,"החרמ""ש",9.0,0.0,0.0,0.0,9.0
2017,"חרמ""ש",42.0,0.0,0.0,0.0,42.0
2018,"ב""הנסיך",6.0,0.0,0.0,0.0,6.0
2019,"זחל""מים",27.0,0.0,0.0,0.0,27.0
2020,"ו""שלום",8.0,0.0,0.0,0.0,8.0
2021,"סמ""פ",7.0,0.0,0.0,0.0,7.0
2022,"תול""רים",6.0,0.0,0.0,0.0,6.0
2023,"ל""ניר",6.0,0.0,0.0,0.0,6.0
2024,"חה""ן",40.0,0.0,0.0,0.0,40.0
2025,"תת""ל",10.0,0.0,0.0,0.0,10.0
2026,"תש""כ",10.0,0.0,0.0,0.0,10.0
2027,"והחי""ר",9.0,0.0,0.0,0.0,9.0
2028,"ביהמ""ש",18.0,2.0,0.0,0.0,20.0
2029,"רע""ב",8.0,0.0,0.0,0.0,8.0
2030,"מהרש""א",10.0,0.0,0.0,0.0,10.0
2031,"לחי""ר",26.0,0.0,0.0,0.0,26.0
2032,"הנ""ט",70.0,5.0,0.0,0.0,75.0
2033,"מ""פ",22.0,2.0,0.0,0.0,24.0
2034,"חפ""ק",10.0,0.0,1.0,0.0,11.0
2035,"המח""ט",43.0,0.0,0.0,0.0,43.0
2036,"הסמח""ט",7.0,0.0,0.0,0.0,7.0
2037,"רז""ה",10.0,0.0,0.0,0.0,10.0
2038,"הב""ח",12.0,0.0,0.0,0.0,12.0
2039,"ב""ח",8.0,0.0,0.0,0.0,8.0
2040,"מהרש""ל",12.0,0.0,0.0,0.0,12.0
2041,"המטכ""ל",93.0,6.0,1.0,0.0,100.0
2042,"לרס""ג",7.0,0.0,0.0,0.0,7.0
2043,"תקפ""ט",12.0,0.0,0.0,0.0,12.0
2044,"ע""ד",12.0,0.0,0.0,0.0,12.0
2045,"כ""תוכנית",6.0,0.0,0.0,0.0,6.0
2046,"המאמ""ת",11.0,0.0,0.0,0.0,11.0
2047,"מהדו""ח",6.0,3.0,0.0,0.0,9.0
2048,"ואצ""ל",9.0,0.0,0.0,0.0,9.0
2049,"ב""מלחמה",12.0,0.0,0.0,0.0,12.0
2050,"שיו""ר",8.0,0.0,0.0,0.0,8.0
2051,"שו""תים",9.0,0.0,0.0,0.0,9.0
2052,"אב""א",44.0,0.0,0.0,0.0,44.0
2053,"הי""ג",7.0,0.0,0.0,0.0,7.0
2054,"תש""ס",190.0,0.0,0.0,0.0,190.0
2055,"הט""ז",14.0,0.0,0.0,0.0,14.0
2056,"פלס""ר",48.0,0.0,0.0,0.0,48.0
2057,"מו""ד",8.0,0.0,0.0,0.0,8.0
2058,"מהתמ""ג",95.0,33.0,0.0,0.0,128.0
2059,"תרי""ד",10.0,0.0,0.0,0.0,10.0
2060,"ש""ישראל",5.0,3.0,0.0,0.0,8.0
2061,"תרצ""ו",163.0,0.0,0.0,0.0,163.0
2062,"ו""ספר",17.0,0.0,0.0,0.0,17.0
2063,"כ""אתר",8.0,0.0,0.0,0.0,8.0
2064,"בגדנ""ע",12.0,0.0,0.0,0.0,12.0
2065,"תשע""א",236.0,1.0,0.0,0.0,237.0
2066,"ראב""ע",34.0,0.0,0.0,0.0,34.0
2067,"ל""אני",7.0,0.0,0.0,0.0,7.0
2068,"ב""אני",12.0,0.0,0.0,0.0,12.0
2069,"בע""פ",6.0,0.0,0.0,0.0,6.0
2070,"תקפ""ד",7.0,0.0,0.0,0.0,7.0
2071,"הפק""פ",13.0,0.0,0.0,0.0,13.0
2072,"ת""י",25.0,1.0,0.0,0.0,26.0
2073,"פוע""ה",6.0,0.0,0.0,0.0,6.0
2074,"תשי""א",91.0,0.0,0.0,0.0,91.0
2075,"תשכ""א",79.0,0.0,0.0,0.0,79.0
2076,"מהתנ""ך",99.0,0.0,0.0,0.0,99.0
2077,"תקנ""ט",8.0,0.0,0.0,0.0,8.0
2078,"ל""כיכר",12.0,0.0,0.0,0.0,12.0
2079,"ותנ""ך",13.0,0.0,0.0,0.0,13.0
2080,"ו""אדם",8.0,0.0,0.0,0.0,8.0
2081,"הקג""ב",7.0,0.0,0.0,0.0,7.0
2082,"מ""ארבע",7.0,0.0,0.0,0.0,7.0
2083,"ו""הסנדק",6.0,0.0,0.0,0.0,6.0
2084,"למהר""ל",11.0,0.0,0.0,0.0,11.0
2085,"השל""ה",51.0,0.0,0.0,0.0,51.0
2086,"לפנה""ס",7907.0,1.0,0.0,0.0,7908.0
2087,"הא""ב",22.0,0.0,0.0,0.0,22.0
2088,"ל""נשיא",9.0,0.0,0.0,0.0,9.0
2089,"א""ב",39.0,0.0,0.0,0.0,39.0
2090,"ב""זהו",6.0,0.0,0.0,0.0,6.0
2091,"החז""לית",14.0,0.0,0.0,0.0,14.0
2092,"ו""צעירי",6.0,0.0,0.0,0.0,6.0
2093,"ב""רחוב",8.0,1.0,0.0,0.0,9.0
2094,"ב""פארק",7.0,0.0,0.0,0.0,7.0
2095,"ב""שלום",7.0,0.0,0.0,0.0,7.0
2096,"ב""פסיק",6.0,0.0,0.0,0.0,6.0
2097,"כ""מלכת",11.0,0.0,0.0,0.0,11.0
2098,"ממ""ד",17.0,7.0,0.0,0.0,24.0
2099,"ונאס""א",8.0,0.0,0.0,0.0,8.0
2100,"סופ""ש",6.0,0.0,0.0,0.0,6.0
2101,"המנכ""ל",79.0,5.0,0.0,0.0,84.0
2102,"בט""ו",96.0,0.0,0.0,0.0,96.0
2103,"תש""ל",125.0,0.0,0.0,0.0,125.0
2104,"כ""טרור",3.0,3.0,0.0,0.0,6.0
2105,"שב""כ",62.0,16.0,2.0,0.0,80.0
2106,"הי""א",16.0,0.0,0.0,0.0,16.0
2107,"ב""כיכר",8.0,0.0,0.0,0.0,8.0
2108,"בגל""צ",11.0,0.0,0.0,0.0,11.0
2109,"ל""חדשות",14.0,0.0,0.0,0.0,14.0
2110,"כ""מוזיקה",8.0,0.0,0.0,0.0,8.0
2111,"ב""חדשות",17.0,0.0,0.0,0.0,17.0
2112,"אד""ו",10.0,0.0,0.0,0.0,10.0
2113,"בפלמ""ח",94.0,0.0,0.0,0.0,94.0
2114,"ו""הארץ",12.0,0.0,0.0,0.0,12.0
2115,"ומעהב""ט",11.0,0.0,0.0,0.0,11.0
2116,"מחמל""י",12.0,0.0,0.0,0.0,12.0
2117,"ה""סופר",6.0,0.0,0.0,0.0,6.0
2118,"רנ""ק",7.0,0.0,0.0,0.0,7.0
2119,"הלהט""ב",103.0,0.0,0.0,0.0,103.0
2120,"ה""היסטוריות",6.0,0.0,0.0,0.0,6.0
2121,"כח""כ",12.0,0.0,0.0,0.0,12.0
2122,"מהפת""ח",9.0,0.0,0.0,0.0,9.0
2123,"ומפכ""ל",3.0,3.0,0.0,0.0,6.0
2124,"לתל""ג",4.0,4.0,0.0,0.0,8.0
2125,"ויו""ר",161.0,12.0,0.0,0.0,173.0
2126,"להט""ב",136.0,2.0,0.0,0.0,138.0
2127,"סג""ל",30.0,0.0,0.0,0.0,30.0
2128,"הפלמ""ח",715.0,1.0,0.0,0.0,716.0
2129,"צסק""א",66.0,0.0,0.0,0.0,66.0
2130,"צ""ס",7.0,0.0,0.0,0.0,7.0
2131,"לצסק""א",7.0,0.0,0.0,0.0,7.0
2132,"כ""כלי",5.0,1.0,0.0,0.0,6.0
2133,"תרנ""ג",23.0,0.0,0.0,0.0,23.0
2134,"הרש""ב",21.0,0.0,0.0,0.0,21.0
2135,"כ""מחוז",6.0,0.0,0.0,0.0,6.0
2136,"ל""פרויקט",6.0,3.0,0.0,0.0,9.0
2137,"ש""אם",12.0,3.0,0.0,0.0,15.0
2138,"ת""ס",21.0,0.0,0.0,0.0,21.0
2139,"מהפלמ""ח",6.0,0.0,0.0,0.0,6.0
2140,"תרע""ו",23.0,0.0,0.0,0.0,23.0
2141,"מב""ע",8.0,0.0,0.0,0.0,8.0
2142,"שהתמ""ג",6.0,0.0,0.0,0.0,6.0
2143,"ה""יסודות",9.0,0.0,0.0,0.0,9.0
2144,"ב""יסודות",6.0,0.0,0.0,0.0,6.0
2145,"ס""ס",10.0,0.0,0.0,0.0,10.0
2146,"ב""מיין",8.0,0.0,0.0,0.0,8.0
2147,"ב""מנספילד",6.0,0.0,0.0,0.0,6.0
2148,"התשי""ט",8.0,0.0,0.0,0.0,8.0
2149,"המ""מ",25.0,0.0,0.0,0.0,25.0
2150,"הקב""א",12.0,0.0,0.0,0.0,12.0
2151,"בי""א",39.0,0.0,0.0,0.0,39.0
2152,"רא""ל",25.0,17.0,0.0,0.0,42.0
2153,"הרשב""ץ",19.0,0.0,0.0,0.0,19.0
2154,"סג""ם",26.0,0.0,0.0,0.0,26.0
2155,"רס""ל",20.0,0.0,0.0,0.0,20.0
2156,"ב""קרן",6.0,0.0,0.0,0.0,6.0
2157,"ה""ש",5.0,2.0,0.0,0.0,7.0
2158,"המ""מים",7.0,0.0,0.0,0.0,7.0
2159,"ה""אחר",6.0,1.0,0.0,0.0,7.0
2160,"בית""ר",715.0,0.0,0.0,0.0,715.0
2161,"תש""י",132.0,0.0,0.0,0.0,132.0
2162,"רס""ר",27.0,0.0,1.0,0.0,28.0
2163,"למג""ד",6.0,0.0,0.0,0.0,6.0
2164,"הצה""ליים",6.0,1.0,0.0,0.0,7.0
2165,"מ""כים",68.0,0.0,0.0,0.0,68.0
2166,"מ""המוסד",6.0,0.0,0.0,0.0,6.0
2167,"סטי""לים",9.0,0.0,0.0,0.0,9.0
2168,"באו""ם",226.0,82.0,0.0,0.0,308.0
2169,"או""ם",42.0,25.0,0.0,0.0,67.0
2170,"אש""פ",2.0,48.0,0.0,0.0,50.0
2171,"סטי""ל",11.0,0.0,0.0,0.0,11.0
2172,"הפלס""ר",34.0,0.0,1.0,0.0,35.0
2173,"בחפ""ק",5.0,0.0,5.0,0.0,10.0
2174,"הצל""ש",21.0,0.0,0.0,0.0,21.0
2175,"מו""ל",98.0,0.0,0.0,0.0,98.0
2176,"ל""כיבוש",5.0,1.0,0.0,0.0,6.0
2177,"חמו""ל",48.0,0.0,0.0,0.0,48.0
2178,"תשי""ד",99.0,0.0,0.0,0.0,99.0
2179,"ו""משמר",6.0,0.0,0.0,0.0,6.0
2180,"וחז""ל",21.0,0.0,0.0,0.0,21.0
2181,"בה""א",8.0,0.0,0.0,0.0,8.0
2182,"ל""פתרון",6.0,2.0,0.0,0.0,8.0
2183,"ל""ט",41.0,3.0,0.0,0.0,44.0
2184,"והרא""ש",21.0,0.0,0.0,0.0,21.0
2185,"כ""מקום",11.0,0.0,0.0,0.0,11.0
2186,"כ""פגיע",6.0,0.0,0.0,0.0,6.0
2187,"תש""ך",90.0,0.0,0.0,0.0,90.0
2188,"שס""ה",8.0,0.0,0.0,0.0,8.0
2189,"ל""חינוך",6.0,0.0,0.0,0.0,6.0
2190,"תשנ""ט",175.0,0.0,0.0,0.0,175.0
2191,"בסד""כ",3.0,5.0,1.0,0.0,9.0
2192,"פקמ""ז",1.0,21.0,0.0,0.0,22.0
2193,"פקע""ר",1.0,31.0,0.0,0.0,32.0
2194,"תש""א",56.0,0.0,0.0,0.0,56.0
2195,"האצ""ל",786.0,0.0,0.0,0.0,786.0
2196,"מק""כ",7.0,0.0,0.0,0.0,7.0
2197,"מקל""ר",6.0,0.0,0.0,0.0,6.0
2198,"תרפ""ט",257.0,1.0,0.0,0.0,258.0
2199,"באצ""ל",45.0,0.0,0.0,0.0,45.0
2200,"אצ""ל",264.0,0.0,0.0,0.0,264.0
2201,"והאצ""ל",26.0,0.0,0.0,0.0,26.0
2202,"ות""א",9.0,0.0,0.0,0.0,9.0
2203,"ו""הפועל",9.0,0.0,0.0,0.0,9.0
2204,"ק""ג",1057.0,34.0,1.0,0.0,1092.0
2205,"ע""מ",11.0,3.0,0.0,0.0,14.0
2206,"ה""אילת",8.0,0.0,0.0,0.0,8.0
2207,"הרס""ר",6.0,0.0,0.0,0.0,6.0
2208,"ל""בית",62.0,1.0,0.0,0.0,63.0
2209,"וצל""שים",10.0,0.0,0.0,0.0,10.0
2210,"ס""פ",10.0,0.0,0.0,0.0,10.0
2211,"ביהל""ם",8.0,0.0,0.0,0.0,8.0
2212,"הקהנ""ר",6.0,0.0,0.0,0.0,6.0
2213,"הפומ""ה",28.0,0.0,0.0,0.0,28.0
2214,"המח""ץ",10.0,0.0,0.0,0.0,10.0
2215,"המחס""ר",7.0,0.0,0.0,0.0,7.0
2216,"רק""ם",53.0,2.0,0.0,0.0,55.0
2217,"בבהל""ץ",7.0,0.0,0.0,0.0,7.0
2218,"המ""כים",9.0,0.0,0.0,0.0,9.0
2219,"תרמ""ד",24.0,0.0,0.0,0.0,24.0
2220,"ליהל""ם",7.0,0.0,0.0,0.0,7.0
2221,"המטכ""לי",7.0,2.0,0.0,0.0,9.0
2222,"הנצי""ב",95.0,0.0,0.0,0.0,95.0
2223,"רס""ם",6.0,0.0,0.0,0.0,6.0
2224,"תרנ""ד",16.0,0.0,0.0,0.0,16.0
2225,"הטנ""א",7.0,0.0,0.0,0.0,7.0
2226,"גדס""ר",22.0,0.0,0.0,0.0,22.0
2227,"הרידב""ז",13.0,0.0,0.0,0.0,13.0
2228,"קמ""ט",7.0,0.0,0.0,0.0,7.0
2229,"כמ""מ",9.0,0.0,0.0,0.0,9.0
2230,"ה""חפץ",13.0,0.0,0.0,0.0,13.0
2231,"להט""בי",5.0,1.0,0.0,0.0,6.0
2232,"ראב""ד",26.0,0.0,0.0,0.0,26.0
2233,"יו""ל",7.0,0.0,0.0,0.0,7.0
2234,"שלצה""ל",1.0,5.0,0.0,0.0,6.0
2235,"כ""בלתי",12.0,1.0,0.0,0.0,13.0
2236,"רי""ש",19.0,0.0,0.0,0.0,19.0
2237,"במ""ש",6.0,0.0,0.0,0.0,6.0
2238,"הרי""ש",8.0,0.0,0.0,0.0,8.0
2239,"כמזכ""ל",45.0,2.0,0.0,0.0,47.0
2240,"בי""ת",18.0,0.0,1.0,0.0,19.0
2241,"ו""הכל",7.0,0.0,0.0,0.0,7.0
2242,"כ""ף",16.0,0.0,0.0,0.0,16.0
2243,"פ""ה",8.0,0.0,0.0,0.0,8.0
2244,"ת""ו",12.0,0.0,0.0,0.0,12.0
2245,"גימ""ל",11.0,0.0,0.0,0.0,11.0
2246,"דל""ת",11.0,0.0,0.0,0.0,11.0
2247,"טי""ת",11.0,0.0,0.0,0.0,11.0
2248,"צד""י",11.0,0.0,0.0,0.0,11.0
2249,"התשס""ג",7.0,0.0,0.0,0.0,7.0
2250,"נאט""ו",395.0,208.0,0.0,0.0,603.0
2251,"התשכ""ה",9.0,1.0,0.0,0.0,10.0
2252,"כ""ארץ",12.0,0.0,0.0,0.0,12.0
2253,"קו""ף",6.0,0.0,0.0,0.0,6.0
2254,"והנח""ל",7.0,0.0,0.0,0.0,7.0
2255,"כ""שר",8.0,0.0,0.0,0.0,8.0
2256,"ו""ו",13.0,0.0,0.0,0.0,13.0
2257,"הרש""ר",29.0,0.0,0.0,0.0,29.0
2258,"שי""ן",20.0,0.0,0.0,0.0,20.0
2259,"סמ""ך",11.0,0.0,0.0,0.0,11.0
2260,"ונגמ""ש",7.0,0.0,0.0,0.0,7.0
2261,"מזכ""ל",216.0,61.0,0.0,0.0,277.0
2262,"עי""ן",10.0,0.0,0.0,0.0,10.0
2263,"ל""שינוי",5.0,1.0,0.0,0.0,6.0
2264,"הח""כים",23.0,0.0,0.0,0.0,23.0
2265,"כפ""ת",23.0,0.0,0.0,0.0,23.0
2266,"כד""ר",7.0,1.0,0.0,0.0,8.0
2267,"וי""ו",18.0,0.0,0.0,0.0,18.0
2268,"האל""ף",6.0,0.0,0.0,0.0,6.0
2269,"למפד""ל",16.0,0.0,0.0,0.0,16.0
2270,"מפת""ח",5.0,1.0,1.0,0.0,7.0
2271,"שבתנ""ך",18.0,0.0,0.0,0.0,18.0
2272,"בחד""ש",6.0,1.0,0.0,0.0,7.0
2273,"ממק""י",9.0,0.0,0.0,0.0,9.0
2274,"יו""ד",70.0,0.0,0.0,0.0,70.0
2275,"ב""מגרש",10.0,0.0,0.0,0.0,10.0
2276,"תר""ג",9.0,0.0,0.0,0.0,9.0
2277,"הגרי""ד",16.0,0.0,0.0,0.0,16.0
2278,"אט""ן",12.0,0.0,0.0,0.0,12.0
2279,"ב""מלחמת",28.0,2.0,0.0,0.0,30.0
2280,"ו""באטמן",6.0,0.0,0.0,0.0,6.0
2281,"למפכ""ל",9.0,1.0,0.0,0.0,10.0
2282,"שבע""פ",7.0,0.0,0.0,0.0,7.0
2283,"ע""ר",12.0,0.0,0.0,0.0,12.0
2284,"החת""ס",8.0,0.0,0.0,0.0,8.0
2285,"הנ""ד",14.0,0.0,0.0,0.0,14.0
2286,"תרמ""ט",36.0,0.0,0.0,0.0,36.0
2287,"נדל""ן",119.0,6.0,0.0,0.0,125.0
2288,"נאס""א",538.0,1.0,0.0,0.0,539.0
2289,"לחל""ת",3.0,4.0,1.0,0.0,8.0
2290,"ב""עיר",9.0,1.0,0.0,0.0,10.0
2291,"המהר""ל",213.0,0.0,0.0,0.0,213.0
2292,"ק""ט",12.0,0.0,0.0,0.0,12.0
2293,"ל""בתי",7.0,0.0,0.0,0.0,7.0
2294,"מו""פ",16.0,2.0,0.0,0.0,18.0
2295,"ה""סטאר",8.0,0.0,0.0,0.0,8.0
2296,"ב""מחנה",9.0,2.0,0.0,0.0,11.0
