base_acronym,acronym,wiki_counts,inss_counts,fauda_counts,teheran_counts,total_counts,n_united
"א""א","['א""א']",32.0,1.0,0.0,0.0,33.0,1
"א""ב","['א""ב', 'הא""ב']",61.0,0.0,0.0,0.0,61.0,2
"א""ד","['א""ד']",59.0,0.0,0.0,0.0,59.0,1
"א""ז","['א""ז']",9.0,0.0,0.0,0.0,9.0,1
"א""ח","['א""ח', 'בא""ח']",20.0,0.0,0.0,0.0,20.0,2
"א""י","['א""י', 'מא""י', 'בא""י', 'לא""י']",322.0,0.0,0.0,0.0,322.0,4
"א""מ","['א""מ']",7.0,0.0,0.0,0.0,7.0,1
"א""נ","['א""נ']",8.0,0.0,0.0,0.0,8.0,1
"א""ס","['א""ס']",8.0,0.0,0.0,0.0,8.0,1
"א""ע","['א""ע']",11.0,0.0,0.0,0.0,11.0,1
"א""ר","['א""ר']",5.0,0.0,0.0,0.0,5.0,1
"א""ש","['א""ש']",6.0,0.0,0.0,0.0,6.0,1
"אא""ג","['אא""ג']",6.0,0.0,0.0,0.0,6.0,1
"אא""ט","['אא""ט']",4.0,0.0,0.0,0.0,4.0,1
"אאל""ט","['אאל""ט']",13.0,0.0,0.0,0.0,13.0,1
"אב""א","['ואב""א', 'אב""א']",48.0,0.0,0.0,0.0,48.0,2
"אב""ד","['אב""ד', 'ואב""ד', 'כאב""ד']",91.0,0.0,0.0,0.0,91.0,3
"אב""י","['אב""י']",93.0,0.0,0.0,0.0,93.0,1
"אב""ך","['אב""ך', 'האב""ך']",8.0,0.0,0.0,0.0,8.0,2
"אב""כ","['האב""כ', 'אב""כ']",61.0,2.0,0.0,0.0,63.0,2
"אבד""ק","['אבד""ק']",8.0,0.0,0.0,0.0,8.0,1
"אבי""ע","['אבי""ע']",6.0,0.0,0.0,0.0,6.0,1
"אביב""י","['אביב""י']",12.0,0.0,0.0,0.0,12.0,1
"אג""א","['אג""א']",5.0,0.0,0.0,0.0,5.0,1
"אג""ח","['באג""ח', 'לאג""ח', 'האג""ח', 'אג""ח']",93.0,2.0,0.0,0.0,95.0,4
"אג""ם","['אג""ם', 'האג""ם']",87.0,2.0,0.0,0.0,89.0,2
"אג""מ","['אג""מ']",8.0,1.0,0.0,0.0,9.0,1
"אג""ת","['אג""ת']",6.0,8.0,0.0,0.0,14.0,1
"אגו""י","['אגו""י']",4.0,0.0,0.0,0.0,4.0,1
"אד""ו","['אד""ו']",10.0,0.0,0.0,0.0,10.0,1
"אד""ל","['אד""ל']",7.0,0.0,0.0,0.0,7.0,1
"אד""ם","['אד""ם']",16.0,0.0,0.0,0.0,16.0,1
"אדמו""ר","['ואדמו""ר', 'כאדמו""ר', 'והאדמו""ר', 'לאדמו""ר', 'האדמו""ר', 'אדמו""ר']",894.0,0.0,0.0,0.0,894.0,6
"אדמו""רות","['באדמו""רות', 'האדמו""רות']",33.0,0.0,0.0,0.0,33.0,2
"אדמו""רי","['מהאדמו""רים', 'אדמו""רי', 'לאדמו""רי', 'מאדמו""רי']",95.0,0.0,0.0,0.0,95.0,4
"אדמו""רים","['ואדמו""רים', 'לאדמו""רים', 'האדמו""רים', 'כאדמו""רים', 'אדמו""רים']",126.0,0.0,0.0,0.0,126.0,5
"אדמור""י","['אדמור""י']",12.0,0.0,0.0,0.0,12.0,1
"אדמורי""ם","['האדמורי""ם']",4.0,0.0,0.0,0.0,4.0,1
"אדר""ת","['האדר""ת']",23.0,0.0,0.0,0.0,23.0,1
"אה""ו","['אה""ו']",13.0,0.0,0.0,0.0,13.0,1
"אה""מ","['אה""מ', 'ואה""מ']",139.0,0.0,0.0,0.0,139.0,2
"אה""ק","['אה""ק']",5.0,0.0,0.0,0.0,5.0,1
"אהו""י","['אהו""י']",17.0,0.0,0.0,0.0,17.0,1
"או""ח","['או""ח']",5.0,0.0,0.0,0.0,5.0,1
"או""ם","['באו""ם', 'או""ם', 'ובאו""ם', 'והאו""ם', 'האו""ם', 'שהאו""ם', 'לאו""ם']",2014.0,648.0,3.0,0.0,2665.0,7
"או""מ","['האו""מ']",1.0,5.0,0.0,0.0,6.0,1
"אוגמ""ר","['אוגמ""ר']",4.0,0.0,0.0,0.0,4.0,1
"אומ""ץ","['אומ""ץ']",12.0,0.0,0.0,0.0,12.0,1
"אונדו""פ","['אונדו""פ']",0.0,4.0,0.0,0.0,4.0,1
"אונס""קו","['אונס""קו']",4.0,0.0,0.0,0.0,4.0,1
"אונסק""ו","['מאונסק""ו', 'אונסק""ו', 'לאונסק""ו']",333.0,8.0,0.0,0.0,341.0,3
"אונסקו""פ","['אונסקו""פ']",37.0,0.0,0.0,0.0,37.0,1
"אונר""א","['אונר""א', 'לאונר""א', 'באונר""א']",123.0,58.0,0.0,0.0,181.0,3
"אופ""א","['באופ""א', 'מאופ""א', 'אופ""א', 'לאופ""א']",493.0,0.0,0.0,0.0,493.0,4
"אופ""ק","['באופ""ק', 'אופ""ק']",47.0,55.0,0.0,0.0,102.0,2
"אז""ר","['אז""ר']",52.0,0.0,0.0,0.0,52.0,1
"אח""י","['באח""י', 'ואח""י', 'לאח""י', 'אח""י']",237.0,0.0,0.0,0.0,237.0,4
"אח""כ","['ואח""כ', 'אח""כ']",29.0,0.0,0.0,0.0,29.0,2
"אח""מ","['אח""מים', 'אח""מ']",19.0,0.0,2.0,0.0,21.0,2
"אח""מים","['ואח""מים']",5.0,0.0,0.0,0.0,5.0,1
"אחה""צ","['אחה""צ']",16.0,0.0,1.0,0.0,17.0,1
"אחמ""ש","['האחמ""ש', 'אחמ""ש']",13.0,0.0,0.0,0.0,13.0,2
"אט""א","['אט""א']",18.0,0.0,0.0,0.0,18.0,1
"אט""ל","['אט""ל']",7.0,0.0,0.0,0.0,7.0,1
"אט""ן","['אט""ן']",12.0,0.0,0.0,0.0,12.0,1
"אטי""ב","['אטי""ב']",16.0,0.0,0.0,0.0,16.0,1
"אי""י","['אי""י']",4.0,0.0,0.0,0.0,4.0,1
"אי""ל","['אי""ל', 'האי""ל']",87.0,0.0,0.0,0.0,87.0,2
"אי""ש","['אי""ש']",10.0,0.0,0.0,0.0,10.0,1
"איו""ש","['באיו""ש', 'איו""ש']",68.0,61.0,0.0,0.0,129.0,2
"איט""ס","['איט""ס']",4.0,0.0,0.0,0.0,4.0,1
"איל""א","['איל""א']",4.0,0.0,0.0,0.0,4.0,1
"איל""ן","['איל""ן']",4.0,0.0,0.0,0.0,4.0,1
"איפא""ק","['איפא""ק']",7.0,3.0,0.0,0.0,10.0,1
"אירס""ו","['אירס""ו']",6.0,0.0,0.0,0.0,6.0,1
"אית""ן","['אית""ן']",19.0,0.0,0.0,0.0,19.0,1
"אכ""א","['אכ""א']",33.0,3.0,0.0,0.0,36.0,1
"אל""ה","['אל""ה']",6.0,0.0,0.0,0.0,6.0,1
"אל""י","['אל""י']",4.0,0.0,0.0,0.0,4.0,1
"אל""ם","['לאל""ם', 'אל""ם', 'ואל""ם']",269.0,10.0,0.0,0.0,279.0,3
"אל""מ","['אל""מ']",0.0,12.0,0.0,0.0,12.0,1
"אל""ף","['האל""ף', 'אל""ף', 'באל""ף']",60.0,0.0,3.0,0.0,63.0,3
"אלו""ט","['אלו""ט']",6.0,0.0,0.0,0.0,6.0,1
"אלי""ש","['באלי""ש']",4.0,0.0,0.0,0.0,4.0,1
"אלע""ד","['אלע""ד']",5.0,0.0,0.0,0.0,5.0,1
"אלפ""א","['אלפ""א']",4.0,0.0,0.0,0.0,4.0,1
"אם""ם","['אם""ם']",5.0,0.0,0.0,0.0,5.0,1
"אמ""י","['אמ""י']",36.0,0.0,0.0,0.0,36.0,1
"אמ""ן","['לאמ""ן', 'אמ""ן', 'באמ""ן']",272.0,61.0,1.0,1.0,335.0,3
"אמ""ץ","['אמ""ץ']",5.0,0.0,0.0,0.0,5.0,1
"אמ""ת","['אמ""ת']",44.0,0.0,0.0,0.0,44.0,1
"אמב""ש","['אמב""ש']",4.0,0.0,0.0,0.0,4.0,1
"אמי""ת","['אמי""ת']",33.0,0.0,0.0,0.0,33.0,1
"אמל""ח","['באמל""ח', 'ואמל""ח', 'אמל""ח', 'האמל""ח']",54.0,113.0,0.0,0.0,167.0,4
"אמר""ל","['אמר""ל']",9.0,0.0,0.0,0.0,9.0,1
"אנ""א","['אנ""א']",5.0,0.0,0.0,0.0,5.0,1
"אנדו""ף","['אנדו""ף']",0.0,18.0,0.0,0.0,18.0,1
"אנז""ק","['אנז""ק']",5.0,0.0,0.0,0.0,5.0,1
"אנזא""ק","['אנזא""ק']",105.0,0.0,0.0,0.0,105.0,1
"אס""א","['אס""א']",17.0,0.0,0.0,0.0,17.0,1
"אס""ד","['אס""ד', 'האס""ד']",12.0,0.0,0.0,0.0,12.0,2
"אפ""י","['אפ""י']",3.0,1.0,0.0,0.0,4.0,1
"אפ""ק","['אפ""ק']",30.0,0.0,0.0,0.0,30.0,1
"אצ""ג","['אצ""ג']",26.0,0.0,0.0,0.0,26.0,1
"אצ""י","['אצ""י', 'האצ""י']",33.0,0.0,0.0,0.0,33.0,2
"אצ""ל","['באצ""ל', 'האצ""ל', 'אצ""ל', 'והאצ""ל', 'ואצ""ל', 'שהאצ""ל', 'מהאצ""ל', 'לאצ""ל']",1197.0,0.0,0.0,0.0,1197.0,8
"אק""ג","['אק""ג', 'באק""ג', 'האק""ג']",27.0,0.0,0.0,0.0,27.0,3
"אק""מ","['אק""מ']",5.0,0.0,0.0,0.0,5.0,1
"אקו""ם","['אקו""ם']",142.0,0.0,0.0,0.0,142.0,1
"אר""י","['האר""י', 'והאר""י', 'לאר""י']",284.0,0.0,0.0,0.0,284.0,3
"אר""ש","['אר""ש']",0.0,4.0,0.0,0.0,4.0,1
"ארה""ב","['וארה""ב', 'בארה""ב', 'שארה""ב', 'מארה""ב', 'לארה""ב', 'ארה""ב']",82.0,230.0,0.0,0.0,312.0,6
"אריז""ל","['האריז""ל']",7.0,0.0,0.0,0.0,7.0,1
"ארמק""ו","['ארמק""ו']",0.0,7.0,0.0,0.0,7.0,1
"אש""ף","['אש""ף', 'לאש""ף', 'ואש""ף', 'ולאש""ף', 'מאש""ף', 'באש""ף']",737.0,81.0,0.0,0.0,818.0,6
"אש""פ","['אש""פ', 'באש""פ', 'לאש""פ', 'ואש""פ']",2.0,65.0,0.0,0.0,67.0,4
"את""א","['את""א']",4.0,0.0,0.0,0.0,4.0,1
"אתב""ש","['אתב""ש']",7.0,0.0,0.0,0.0,7.0,1
"אתג""ר","['אתג""ר']",4.0,0.0,0.0,0.0,4.0,1
"ב""ב","['ב""ב']",7.0,0.0,0.0,0.0,7.0,1
"ב""ג","['וב""ג', 'ב""ג']",17.0,0.0,0.0,0.0,17.0,2
"ב""ה","['ב""ה']",8.0,0.0,0.0,0.0,8.0,1
"ב""ז","['ב""ז']",32.0,0.0,0.0,0.0,32.0,1
"ב""ח","['הב""ח', 'ב""ח']",20.0,0.0,0.0,0.0,20.0,2
"ב""מ","['כב""מ']",0.0,5.0,0.0,0.0,5.0,1
"ב""ע","['מב""ע']",8.0,0.0,0.0,0.0,8.0,1
"ב""צ","['ב""צ']",4.0,0.0,0.0,0.0,4.0,1
"ב""ק","['ב""ק']",20.0,0.0,0.0,0.0,20.0,1
"ב""ר","['ב""ר']",39.0,0.0,0.0,0.0,39.0,1
"ב""ש","['ב""ש']",15.0,0.0,0.0,0.0,15.0,1
"בא""ח","['בבא""ח', 'הבא""ח']",17.0,0.0,0.0,0.0,17.0,2
"באב""ד","['באב""ד']",10.0,0.0,0.0,0.0,10.0,1
"באפט""א","['באפט""א']",92.0,0.0,0.0,0.0,92.0,1
"בג""ד","['בג""ד']",23.0,0.0,0.0,0.0,23.0,1
"בג""ץ","['בג""ץ', 'לבג""ץ', 'הבג""ץ', 'בבג""ץ', 'שבג""ץ', 'כבג""ץ', 'ובג""ץ', 'מבג""ץ']",904.0,65.0,0.0,0.0,969.0,8
"בג""צ","['בג""צ']",1.0,7.0,0.0,0.0,8.0,1
"בג""צים","['הבג""צים']",6.0,1.0,0.0,0.0,7.0,1
"בד""כ","['בד""כ', 'ובד""כ']",81.0,2.0,0.0,0.0,83.0,2
"בד""ץ","['בד""ץ', 'הבד""ץ']",48.0,0.0,0.0,0.0,48.0,2
"בד""צ","['הבד""צ']",9.0,0.0,0.0,0.0,9.0,1
"בדר""כ","['בדר""כ']",25.0,0.0,0.0,0.0,25.0,1
"בה""ב","['בה""ב']",5.0,0.0,0.0,0.0,5.0,1
"בה""ג","['בה""ג']",12.0,0.0,0.0,0.0,12.0,1
"בה""ד","['בבה""ד', 'הבה""ד', 'לבה""ד', 'בה""ד']",136.0,0.0,0.0,0.0,136.0,4
"בה""דים","['הבה""דים']",17.0,0.0,0.0,0.0,17.0,1
"בהל""ץ","['בבהל""ץ']",7.0,0.0,0.0,0.0,7.0,1
"בהר""ן","['בהר""ן']",10.0,0.0,0.0,0.0,10.0,1
"בומ""פ","['בומ""פ']",4.0,0.0,0.0,0.0,4.0,1
"בז""ן","['בז""ן']",4.0,0.0,0.0,0.0,4.0,1
"בט""ש","['הבט""ש']",19.0,0.0,0.0,0.0,19.0,1
"בי""ח","['בי""ח']",27.0,0.0,0.0,0.0,27.0,1
"בי""ס","['ובי""ס', 'בי""ס', 'בבי""ס', 'כבי""ס']",73.0,0.0,0.0,0.0,73.0,4
"בי""ת","['בי""ת']",18.0,0.0,1.0,0.0,19.0,1
"ביה""ד","['ביה""ד']",18.0,0.0,0.0,0.0,18.0,1
"ביה""ס","['ביה""ס']",2.0,1.0,1.0,0.0,4.0,1
"ביהמ""ד","['ביהמ""ד']",4.0,0.0,0.0,0.0,4.0,1
"ביהמ""ש","['ביהמ""ש']",18.0,2.0,0.0,0.0,20.0,1
"ביל""ו","['ביל""ו']",82.0,0.0,0.0,0.0,82.0,1
"ביל""ויים","['והביל""ויים', 'הביל""ויים']",38.0,0.0,0.0,0.0,38.0,2
"בינ""ה","['בינ""ה']",12.0,0.0,0.0,0.0,12.0,1
"בינ""ל","['בינ""ל']",17.0,5.0,0.0,0.0,22.0,1
"ביסלמ""ח","['ביסלמ""ח']",9.0,0.0,0.0,0.0,9.0,1
"בית""ר","['בית""רי', 'בבית""ר', 'לבית""ר', 'מבית""ר', 'ובית""ר', 'בית""ר']",844.0,0.0,0.0,0.0,844.0,6
"בית""רי","['הבית""רי']",20.0,0.0,0.0,0.0,20.0,1
"בית""רים","['בית""רים', 'הבית""רים']",26.0,0.0,0.0,0.0,26.0,2
"בית""רית","['הבית""רית']",4.0,0.0,0.0,0.0,4.0,1
"בל""ד","['ובל""ד', 'לבל""ד', 'בל""ד']",48.0,22.0,0.0,0.0,70.0,3
"במב""ם","['במב""ם']",2.0,2.0,0.0,0.0,4.0,1
"בנ""י","['בנ""י']",4.0,0.0,0.0,0.0,4.0,1
"בנק""י","['בבנק""י']",4.0,0.0,0.0,0.0,4.0,1
"בס""ד","['בס""ד']",10.0,0.0,0.0,0.0,10.0,1
"בע""ה","['בע""ה']",6.0,0.0,0.0,0.0,6.0,1
"בע""ח","['בבע""ח', 'בע""ח', 'לבע""ח']",22.0,0.0,0.0,0.0,22.0,3
"בע""מ","['בע""מ']",409.0,1.0,0.0,0.0,410.0,1
"בע""פ","['שבע""פ']",7.0,0.0,0.0,0.0,7.0,1
"בעש""ט","['הבעש""ט', 'לבעש""ט', 'בעש""ט']",128.0,0.0,0.0,0.0,128.0,3
"בצל""ש","['בצל""ש']",47.0,0.0,0.0,0.0,47.0,1
"בקו""ם","['הבקו""ם']",3.0,1.0,0.0,0.0,4.0,1
"ברה""מ","['ברה""מ']",5.0,0.0,0.0,0.0,5.0,1
"ברק""ם","['ברק""ם']",4.0,1.0,0.0,0.0,5.0,1
"ג""א","['הג""א']",23.0,2.0,0.0,0.0,25.0,1
"ג""ח","['מג""ח']",5.0,0.0,0.0,0.0,5.0,1
"ג""ט","['ג""ט']",6.0,0.0,0.0,0.0,6.0,1
"גא""פ","['גא""פ', 'הגא""פ', 'לגא""פ']",29.0,31.0,0.0,0.0,60.0,3
"גאב""ד","['הגאב""ד', 'גאב""ד']",13.0,0.0,0.0,0.0,13.0,2
"גאט""ט","['גאט""ט']",7.0,0.0,0.0,0.0,7.0,1
"גד""ש","['גד""ש']",6.0,0.0,0.0,0.0,6.0,1
"גדחה""ן","['גדחה""ן']",7.0,0.0,0.0,0.0,7.0,1
"גדכפ""ת","['בגדכפ""ת']",4.0,0.0,0.0,0.0,4.0,1
"גדנ""ע","['לגדנ""ע', 'גדנ""ע', 'בגדנ""ע', 'הגדנ""ע']",213.0,0.0,0.0,0.0,213.0,4
"גדנ""עים","['הגדנ""עים', 'גדנ""עים']",13.0,0.0,0.0,0.0,13.0,2
"גדס""ר","['גדס""ר', 'הגדס""ר', 'לגדס""ר']",43.0,0.0,0.0,0.0,43.0,3
"גו""ח","['גו""ח']",4.0,0.0,0.0,0.0,4.0,1
"גח""ל","['וגח""ל', 'גח""ל', 'הגח""ל']",140.0,0.0,0.0,0.0,140.0,3
"גיי""א","['גיי""א']",4.0,0.0,0.0,0.0,4.0,1
"גיכ""ק","['גיכ""ק']",5.0,0.0,0.0,0.0,5.0,1
"גימ""ל","['גימ""ל']",11.0,0.0,0.0,0.0,11.0,1
"גל""ץ","['גל""ץ']",11.0,0.0,0.0,0.0,11.0,1
"גל""צ","['בגל""צ', 'גל""צ']",43.0,0.0,0.0,0.0,43.0,2
"גמ""ח","['גמ""ח']",5.0,0.0,0.0,0.0,5.0,1
"גנ""א","['הגנ""א']",2.0,3.0,0.0,0.0,5.0,1
"גפ""ת","['גפ""ת']",6.0,0.0,0.0,0.0,6.0,1
"גר""א","['לגר""א', 'הגר""א']",319.0,0.0,0.0,0.0,319.0,2
"גר""ח","['הגר""ח']",9.0,0.0,0.0,0.0,9.0,1
"גר""מ","['הגר""מ']",4.0,0.0,0.0,0.0,4.0,1
"גראי""ל","['הגראי""ל']",7.0,0.0,0.0,0.0,7.0,1
"גרי""ד","['הגרי""ד']",16.0,0.0,0.0,0.0,16.0,1
"גרי""ז","['הגרי""ז']",9.0,0.0,0.0,0.0,9.0,1
"ד""א","['ומד""א', 'ד""א']",19.0,0.0,0.0,0.0,19.0,2
"ד""ה","['ד""ה']",12.0,0.0,0.0,0.0,12.0,1
"ד""ל","['לד""ל']",5.0,0.0,0.0,0.0,5.0,1
"ד""ע","['מד""ע']",28.0,9.0,0.0,0.0,37.0,1
"ד""ר","['מד""ר', 'ד""ר', 'וד""ר', 'הד""ר', 'לד""ר']",2863.0,125.0,6.0,2.0,2996.0,5
"ד""ש","['ד""ש']",73.0,0.0,5.0,0.0,78.0,1
"דאע""ש","['לדאע""ש', 'דאע""ש', 'ודאע""ש', 'שדאע""ש', 'בדאע""ש', 'מדאע""ש']",2.0,281.0,11.0,0.0,294.0,6
"דבה""י","['דבה""י']",6.0,0.0,0.0,0.0,6.0,1
"דה""ב","['דה""ב']",13.0,0.0,0.0,0.0,13.0,1
"דו""ח","['הדו""חות', 'ובדו""ח', 'מהדו""ח', 'שהדו""ח', 'כדו""ח', 'והדו""ח', 'ודו""ח', 'דו""ח', 'בדו""ח', 'שדו""ח', 'הדו""ח', 'לדו""ח', 'מדו""ח', 'שבדו""ח']",1253.0,357.0,0.0,0.0,1610.0,14
"דו""חות","['בדו""חות', 'דו""חות', 'ודו""חות']",113.0,15.0,0.0,0.0,128.0,3
"דו""צ","['דו""צ']",3.0,2.0,0.0,0.0,5.0,1
"דוא""ל","['הדוא""ל', 'לדוא""ל', 'בדוא""ל', 'דוא""ל']",64.0,4.0,0.0,0.0,68.0,4
"דוב""ב","['דוב""ב']",7.0,0.0,0.0,0.0,7.0,1
"דח""ש","['דח""ש']",5.0,0.0,0.0,0.0,5.0,1
"דטלנ""ת","['דטלנ""ת']",5.0,0.0,0.0,0.0,5.0,1
"דל""ת","['דל""ת']",11.0,0.0,0.0,0.0,11.0,1
"דנ""א","['דנ""א', 'בדנ""א', 'הדנ""א', 'לדנ""א']",91.0,0.0,1.0,0.0,92.0,4
"דע""ת","['דע""ת']",11.0,0.0,0.0,0.0,11.0,1
"דעא""ש","['דעא""ש']",0.0,4.0,0.0,0.0,4.0,1
"דפ""ר","['ודפ""ר', 'דפ""ר']",10.0,0.0,0.0,0.0,10.0,2
"דצ""ך","['דצ""ך']",5.0,0.0,0.0,0.0,5.0,1
"דרשב""י","['דרשב""י']",4.0,0.0,0.0,0.0,4.0,1
"דש""א","['דש""א']",8.0,0.0,0.0,0.0,8.0,1
"ה""א","['בה""א', 'ה""א']",49.0,0.0,0.0,0.0,49.0,2
"ה""ג","['ה""ג']",31.0,1.0,0.0,0.0,32.0,1
"ה""ד","['מה""ד']",9.0,0.0,0.0,0.0,9.0,1
"ה""ו","['ה""ו']",4.0,0.0,0.0,0.0,4.0,1
"ה""ז","['ה""ז']",5.0,0.0,0.0,0.0,5.0,1
"ה""ט","['מה""ט']",6.0,0.0,0.0,0.0,6.0,1
"ה""לא","['וה""לא']",5.0,0.0,0.0,0.0,5.0,1
"ה""מ","['ה""מ']",4.0,0.0,0.0,0.0,4.0,1
"ה""צ","['ה""צ']",5.0,0.0,0.0,0.0,5.0,1
"ה""ש","['ה""ש']",5.0,2.0,0.0,0.0,7.0,1
"האו""ם","['מהאו""ם']",13.0,4.0,1.0,0.0,18.0,1
"הבינ""ל","['הבינ""ל']",16.0,10.0,0.0,0.0,26.0,1
"הגרי""ש","['הגרי""ש']",13.0,0.0,0.0,0.0,13.0,1
"הו""ד","['הו""ד']",9.0,0.0,0.0,0.0,9.0,1
"הוי""ו","['הוי""ו']",5.0,0.0,0.0,0.0,5.0,1
"הי""ד","['הי""ד']",26.0,0.0,0.0,0.0,26.0,1
"הי""ז","['הי""ז']",7.0,0.0,0.0,0.0,7.0,1
"הי""ם","['הי""ם']",5.0,0.0,0.0,0.0,5.0,1
"הל""א","['הל""א']",7.0,0.0,0.0,0.0,7.0,1
"הל""ץ","['בהל""ץ']",8.0,0.0,0.0,0.0,8.0,1
"המהו""ת","['המהו""ת']",7.0,0.0,0.0,0.0,7.0,1
"הנ""ל","['הנ""ל']",565.0,7.0,0.0,0.0,572.0,1
"הקב""ה","['מהקב""ה', 'והקב""ה', 'הקב""ה']",144.0,0.0,0.0,0.0,144.0,3
"הר""י","['הר""י']",11.0,0.0,0.0,0.0,11.0,1
"הר""מ","['הר""מ']",6.0,0.0,0.0,0.0,6.0,1
"הר""ש","['הר""ש', 'מהר""ש']",17.0,0.0,0.0,0.0,17.0,2
"הרא""ה","['הרא""ה']",70.0,0.0,0.0,0.0,70.0,1
"הראי""ה","['הראי""ה', 'והראי""ה']",244.0,0.0,0.0,0.0,244.0,2
"הרגמ""ה","['הרגמ""ה']",4.0,0.0,0.0,0.0,4.0,1
"הרוא""ה","['הרוא""ה']",10.0,0.0,0.0,0.0,10.0,1
"הריא""ה","['הריא""ה']",4.0,0.0,0.0,0.0,4.0,1
"הריי""צ","['הריי""צ']",18.0,0.0,0.0,0.0,18.0,1
"הרמב""ם","['והרמב""ם', 'להרמב""ם']",73.0,0.0,0.0,0.0,73.0,2
"הרמח""ל","['להרמח""ל']",5.0,0.0,0.0,0.0,5.0,1
"הרש""א","['מהרש""א']",10.0,0.0,0.0,0.0,10.0,1
"הרש""ב","['הרש""ב']",21.0,0.0,0.0,0.0,21.0,1
"הרש""ל","['מהרש""ל']",12.0,0.0,0.0,0.0,12.0,1
"הרש""פ","['הרש""פ']",4.0,33.0,0.0,0.0,37.0,1
"הרש""ק","['הרש""ק']",12.0,1.0,0.0,0.0,13.0,1
"הרשב""א","['הרשב""א']",81.0,0.0,0.0,0.0,81.0,1
"התש""ם","['התש""ם']",4.0,0.0,0.0,0.0,4.0,1
"התשי""ח","['התשי""ח']",5.0,0.0,0.0,0.0,5.0,1
"התשכ""א","['התשכ""א']",6.0,0.0,0.0,0.0,6.0,1
"התשכ""ה","['התשכ""ה']",9.0,1.0,0.0,0.0,10.0,1
"התשכ""ח","['התשכ""ח']",8.0,0.0,0.0,0.0,8.0,1
"התשל""ג","['התשל""ג']",5.0,0.0,0.0,0.0,5.0,1
"התשל""ז","['התשל""ז']",10.0,0.0,0.0,0.0,10.0,1
"התשמ""א","['התשמ""א']",20.0,0.0,0.0,0.0,20.0,1
"התשמ""ב","['התשמ""ב']",7.0,0.0,0.0,0.0,7.0,1
"התשמ""ד","['התשמ""ד']",7.0,0.0,0.0,0.0,7.0,1
"התשמ""ה","['התשמ""ה']",4.0,0.0,0.0,0.0,4.0,1
"התשמ""ו","['התשמ""ו']",6.0,0.0,0.0,0.0,6.0,1
"התשמ""ח","['התשמ""ח']",4.0,0.0,0.0,0.0,4.0,1
"התשנ""ב","['התשנ""ב']",9.0,0.0,0.0,0.0,9.0,1
"התשנ""ג","['התשנ""ג']",4.0,0.0,0.0,0.0,4.0,1
"התשנ""ד","['התשנ""ד']",11.0,1.0,0.0,0.0,12.0,1
"התשנ""ו","['התשנ""ו']",9.0,0.0,0.0,0.0,9.0,1
"התשנ""ח","['התשנ""ח']",13.0,0.0,0.0,0.0,13.0,1
"התשנ""ט","['התשנ""ט']",5.0,0.0,0.0,0.0,5.0,1
"התשס""א","['התשס""א']",9.0,0.0,0.0,0.0,9.0,1
"התשס""ב","['התשס""ב']",11.0,1.0,0.0,0.0,12.0,1
"התשס""ג","['התשס""ג']",7.0,0.0,0.0,0.0,7.0,1
"התשס""ד","['התשס""ד']",4.0,0.0,0.0,0.0,4.0,1
"התשס""ה","['התשס""ה']",17.0,0.0,0.0,0.0,17.0,1
"התשס""ו","['התשס""ו']",15.0,0.0,0.0,0.0,15.0,1
"התשס""ז","['התשס""ז']",5.0,0.0,0.0,0.0,5.0,1
"התשס""ח","['התשס""ח']",24.0,1.0,0.0,0.0,25.0,1
"התשע""א","['התשע""א']",6.0,0.0,0.0,0.0,6.0,1
"התשע""ב","['התשע""ב']",4.0,1.0,0.0,0.0,5.0,1
"התשע""ג","['התשע""ג']",8.0,0.0,0.0,0.0,8.0,1
"התשע""ד","['התשע""ד']",9.0,0.0,0.0,0.0,9.0,1
"התשע""ה","['התשע""ה']",4.0,0.0,0.0,0.0,4.0,1
"התשע""ו","['התשע""ו']",9.0,1.0,0.0,0.0,10.0,1
"התשע""ז","['התשע""ז']",6.0,1.0,0.0,0.0,7.0,1
"התשע""ח","['התשע""ח']",6.0,1.0,0.0,0.0,7.0,1
"התשע""ט","['התשע""ט']",11.0,0.0,0.0,0.0,11.0,1
"התשפ""ב","['התשפ""ב']",10.0,0.0,0.0,0.0,10.0,1
"ו""ג","['ו""ג']",23.0,0.0,0.0,0.0,23.0,1
"ו""ה","['ו""ה']",4.0,0.0,0.0,0.0,4.0,1
"ו""ו","['ו""ו']",13.0,0.0,0.0,0.0,13.0,1
"ו""ז","['ו""ז']",5.0,0.0,0.0,0.0,5.0,1
"ו""צ","['ו""צ']",7.0,0.0,0.0,0.0,7.0,1
"וב""מעריב","['וב""מעריב']",4.0,0.0,0.0,0.0,4.0,1
"וה""אני","['וה""אני']",4.0,0.0,0.0,0.0,4.0,1
"ווי""ו","['הווי""ו']",4.0,0.0,0.0,0.0,4.0,1
"וי""ו","['וי""ו']",18.0,0.0,0.0,0.0,18.0,1
"ומכ""מים","['ומכ""מים']",4.0,0.0,0.0,0.0,4.0,1
"ומל""טים","['ומל""טים']",2.0,7.0,0.0,0.0,9.0,1
"ות""ת","['ות""ת']",7.0,0.0,0.0,0.0,7.0,1
"ז""א","['ז""א']",19.0,0.0,0.0,0.0,19.0,1
"ז""י","['מז""י', 'ז""י']",19.0,0.0,0.0,0.0,19.0,2
"ז""ל","['ז""ל']",114.0,6.0,0.0,0.0,120.0,1
"ז""ק","['ז""ק']",11.0,0.0,0.0,0.0,11.0,1
"זב""מ","['זב""מ']",28.0,0.0,0.0,0.0,28.0,1
"זה""ב","['זה""ב']",4.0,0.0,0.0,0.0,4.0,1
"זחל""ם","['זחל""ם', 'וזחל""ם', 'בזחל""ם']",18.0,0.0,0.0,0.0,18.0,3
"זחל""מים","['זחל""מים', 'הזחל""מים', 'וזחל""מים']",47.0,0.0,0.0,0.0,47.0,3
"זי""ן","['זי""ן']",11.0,0.0,0.0,0.0,11.0,1
"זי""ע","['זי""ע']",5.0,0.0,0.0,0.0,5.0,1
"זמ""ח","['זמ""ח']",4.0,0.0,0.0,0.0,4.0,1
"זנ""ט","['בזנ""ט']",4.0,0.0,0.0,0.0,4.0,1
"זצ""ל","['זצ""ל']",108.0,0.0,0.0,0.0,108.0,1
"זצוק""ל","['זצוק""ל']",12.0,0.0,0.0,0.0,12.0,1
"זק""א","['זק""א', 'בזק""א']",68.0,0.0,0.0,0.0,68.0,2
"זק""ש","['זק""ש']",49.0,0.0,0.0,0.0,49.0,1
"ח""א","['בח""א', 'ח""א']",24.0,0.0,0.0,0.0,24.0,2
"ח""ב","['ח""ב']",13.0,0.0,0.0,0.0,13.0,1
"ח""ד","['בח""ד']",4.0,0.0,0.0,0.0,4.0,1
"ח""ו","['ח""ו']",6.0,0.0,0.0,0.0,6.0,1
"ח""י","['ולח""י', 'ח""י', 'מח""י']",90.0,12.0,0.0,0.0,102.0,3
"ח""כ","['כח""כ', 'וח""כ', 'לח""כ', 'הח""כ', 'ח""כ']",231.0,10.0,0.0,0.0,241.0,5
"ח""כים","['וח""כים', 'הח""כים']",27.0,0.0,0.0,0.0,27.0,2
"ח""ל","['מח""ל']",60.0,0.0,0.0,0.0,60.0,1
"ח""ן","['ח""ן']",39.0,0.0,0.0,0.0,39.0,1
"ח""נ","['ח""נ']",29.0,0.0,0.0,0.0,29.0,1
"ח""ץ","['ח""ץ']",6.0,0.0,0.0,0.0,6.0,1
"ח""ש","['ח""ש']",15.0,0.0,0.0,0.0,15.0,1
"חב""ד","['החב""דית', 'מחב""ד', 'לחב""ד', 'חב""ד', 'בחב""ד', 'וחב""ד']",1126.0,1.0,0.0,0.0,1127.0,6
"חב""די","['חב""די']",7.0,0.0,0.0,0.0,7.0,1
"חב""דית","['חב""דית']",6.0,0.0,0.0,0.0,6.0,1
"חבל""ז","['חבל""ז']",4.0,0.0,0.0,0.0,4.0,1
"חג""י","['חג""י']",4.0,0.0,0.0,0.0,4.0,1
"חד""ש","['וחד""ש', 'בחד""ש', 'חד""ש', 'לחד""ש', 'מחד""ש']",144.0,28.0,0.0,0.0,172.0,5
"חדו""א","['חדו""א', 'החדו""א']",14.0,0.0,0.0,0.0,14.0,2
"חה""כ","['חה""כ']",5.0,9.0,0.0,0.0,14.0,1
"חה""ן","['חה""ן']",40.0,0.0,0.0,0.0,40.0,1
"חו""ל","['מחו""ל', 'בחו""ל', 'לחו""ל', 'חו""ל', 'ומחו""ל', 'ובחו""ל']",575.0,118.0,4.0,1.0,698.0,6
"חו""מ","['חו""מ']",6.0,0.0,0.0,0.0,6.0,1
"חוה""מ","['חוה""מ']",4.0,0.0,0.0,0.0,4.0,1
"חווי""ה","['חווי""ה']",5.0,0.0,0.0,0.0,5.0,1
"חז""ל","['וחז""ל', 'ובחז""ל', 'שחז""ל', 'מחז""ל', 'לחז""ל', 'חז""ל', 'בחז""ל']",1726.0,0.0,0.0,0.0,1726.0,7
"חז""לי","['חז""לי', 'החז""לי']",11.0,0.0,0.0,0.0,11.0,2
"חז""לית","['החז""לית', 'חז""לית']",19.0,0.0,0.0,0.0,19.0,2
"חזו""א","['החזו""א']",5.0,0.0,0.0,0.0,5.0,1
"חח""ע","['חח""ע']",28.0,0.0,0.0,0.0,28.0,1
"חט""ב","['מחט""ב', 'חט""ב']",14.0,0.0,0.0,0.0,14.0,2
"חט""ל","['חט""ל']",5.0,0.0,0.0,0.0,5.0,1
"חטמ""ר","['חטמ""ר']",7.0,0.0,0.0,0.0,7.0,1
"חי""ל","['החי""ל']",14.0,0.0,0.0,0.0,14.0,1
"חי""ם","['החי""ם', 'חי""ם']",12.0,0.0,0.0,0.0,12.0,2
"חי""ר","['לחי""ר', 'והחי""ר', 'כחי""ר', 'חי""ר', 'וחי""ר', 'בחי""ר', 'החי""ר']",903.0,10.0,2.0,0.0,915.0,7
"חי""ש","['בחי""ש', 'לחי""ש', 'חי""ש', 'החי""ש']",56.0,0.0,0.0,0.0,56.0,4
"חי""ת","['חי""ת']",9.0,0.0,0.0,0.0,9.0,1
"חיד""א","['חיד""א', 'החיד""א']",71.0,0.0,0.0,0.0,71.0,2
"חל""ך","['חל""ך']",7.0,0.0,0.0,0.0,7.0,1
"חל""כ","['חל""כ', 'בחל""כ']",1.0,22.0,0.0,0.0,23.0,2
"חל""מ","['חל""מ']",4.0,0.0,0.0,0.0,4.0,1
"חל""צ","['חל""צ']",6.0,0.0,0.0,0.0,6.0,1
"חל""ת","['לחל""ת', 'בחל""ת', 'החל""ת', 'חל""ת']",6.0,21.0,1.0,0.0,28.0,4
"חמ""ד","['החמ""ד', 'חמ""ד']",25.0,0.0,0.0,0.0,25.0,2
"חמ""ל","['בחמ""ל', 'חמ""ל']",16.0,5.0,0.0,0.0,21.0,2
"חמ""ץ","['חמ""ץ']",6.0,0.0,0.0,0.0,6.0,1
"חמא""ס","['חמא""ס']",0.0,4.0,0.0,0.0,4.0,1
"חמו""ל","['חמו""ל']",48.0,0.0,0.0,0.0,48.0,1
"חמל""י","['מחמל""י']",12.0,0.0,0.0,0.0,12.0,1
"חנ""ה","['חנ""ה']",4.0,0.0,0.0,0.0,4.0,1
"חנ""מ","['חנ""מ']",4.0,1.0,0.0,0.0,5.0,1
"חס""ר","['מחס""ר']",5.0,0.0,0.0,0.0,5.0,1
"חסמב""ה","['חסמב""ה']",5.0,0.0,0.0,0.0,5.0,1
"חפ""ק","['בחפ""ק', 'חפ""ק', 'לחפ""ק', 'וחפ""ק', 'החפ""ק']",33.0,0.0,7.0,0.0,40.0,5
"חצר""מ","['חצר""מ']",5.0,0.0,0.0,0.0,5.0,1
"חרד""לי","['החרד""לי']",4.0,0.0,0.0,0.0,4.0,1
"חרד""לים","['החרד""לים', 'חרד""לים']",11.0,0.0,0.0,0.0,11.0,2
"חרל""פ","['וחרל""פ', 'חרל""פ']",110.0,14.0,0.0,0.0,124.0,2
"חרמ""ש","['חרמ""ש', 'החרמ""ש']",51.0,0.0,0.0,0.0,51.0,2
"חש""ן","['חש""ן']",11.0,0.0,0.0,0.0,11.0,1
"חת""ם","['חת""ם', 'החת""ם']",53.0,0.0,0.0,0.0,53.0,2
"חת""ס","['החת""ס']",8.0,0.0,0.0,0.0,8.0,1
"ט""ו","['בט""ו', 'ובט""ו', 'ט""ו', 'לט""ו', 'מט""ו', 'וט""ו']",452.0,0.0,0.0,0.0,452.0,6
"ט""ז","['הט""ז', 'בט""ז', 'ט""ז', 'והט""ז', 'מט""ז']",196.0,0.0,0.0,0.0,196.0,5
"ט""ש","['בט""ש']",49.0,2.0,0.0,0.0,51.0,1
"טב""מ","['כטב""מ']",1.0,16.0,0.0,0.0,17.0,1
"טב""מים","['וכטב""מים']",2.0,7.0,0.0,0.0,9.0,1
"טח""י","['הטח""י']",4.0,0.0,0.0,0.0,4.0,1
"טי""ת","['טי""ת']",11.0,0.0,0.0,0.0,11.0,1
"טנ""א","['הטנ""א']",7.0,0.0,0.0,0.0,7.0,1
"טק""א","['טק""א']",7.0,1.0,0.0,0.0,8.0,1
"טק""ק","['הטק""ק', 'טק""ק', 'וטק""ק']",8.0,18.0,0.0,0.0,26.0,3
"טר""ש","['טר""ש']",4.0,0.0,0.0,0.0,4.0,1
"י""א","['הי""א', 'בי""א', 'י""א', 'לי""א']",312.0,1.0,0.0,0.0,313.0,4
"י""ב","['י""ב', 'בי""ב', 'וי""ב', 'הי""ב']",334.0,4.0,0.0,0.0,338.0,4
"י""ג","['הי""ג', 'לי""ג', 'י""ג', 'בי""ג']",287.0,1.0,0.0,0.0,288.0,4
"י""ד","['י""ד', 'בי""ד', 'לי""ד']",240.0,0.0,0.0,0.0,240.0,3
"י""ז","['בי""ז', 'י""ז']",191.0,0.0,0.0,0.0,191.0,2
"י""ח","['י""ח', 'הי""ח']",196.0,0.0,0.0,0.0,196.0,2
"י""ט","['הי""ט', 'בי""ט', 'י""ט']",185.0,0.0,0.0,0.0,185.0,3
"י""ל","['י""ל']",216.0,0.0,0.0,0.0,216.0,1
"י""מ","['י""מ']",7.0,0.0,0.0,0.0,7.0,1
"י""נ","['י""נ']",4.0,0.0,0.0,0.0,4.0,1
"י""פ","['י""פ']",23.0,0.0,0.0,0.0,23.0,1
"יאח""ה","['יאח""ה']",5.0,0.0,0.0,0.0,5.0,1
"יהל""ם","['ביהל""ם', 'ליהל""ם', 'יהל""ם']",69.0,0.0,0.0,0.0,69.0,3
"יו""ד","['יו""ד', 'כיו""ד', 'היו""ד', 'ביו""ד']",116.0,0.0,0.0,0.0,116.0,4
"יו""דים","['יו""דים']",12.0,0.0,0.0,0.0,12.0,1
"יו""ט","['יו""ט']",14.0,0.0,0.0,0.0,14.0,1
"יו""ל","['יו""ל']",7.0,0.0,0.0,0.0,7.0,1
"יו""ר","['ליו""ר', 'מיו""ר', 'שיו""ר', 'ויו""ר', 'וכיו""ר', 'והיו""ר', 'היו""ר', 'וליו""ר', 'יו""ר', 'כיו""ר']",1790.0,120.0,0.0,0.0,1910.0,10
"יו""ש","['יו""ש', 'ביו""ש', 'מיו""ש']",44.0,14.0,0.0,0.0,58.0,3
"יול""ב","['יול""ב']",18.0,0.0,0.0,0.0,18.0,1
"יוניס""ף","['יוניס""ף']",4.0,0.0,0.0,0.0,4.0,1
"יוניפי""ל","['ליוניפי""ל', 'מיוניפי""ל', 'יוניפי""ל']",20.0,102.0,0.0,0.0,122.0,3
"יוניצ""ף","['יוניצ""ף', 'ליוניצ""ף']",25.0,1.0,0.0,0.0,26.0,2
"יועמ""ש","['היועמ""ש']",5.0,0.0,0.0,0.0,5.0,1
"יח""ד","['יח""ד']",15.0,0.0,0.0,0.0,15.0,1
"יח""ל","['יח""ל']",41.0,0.0,0.0,0.0,41.0,1
"יחב""ל","['יחב""ל']",5.0,0.0,0.0,0.0,5.0,1
"יחצ""א","['היחצ""א']",7.0,0.0,0.0,0.0,7.0,1
"יחצ""ן","['יחצ""ן', 'היחצ""ן']",8.0,0.0,0.0,0.0,8.0,2
"יחצ""נים","['יחצ""נים']",4.0,0.0,0.0,0.0,4.0,1
"יי""ש","['יי""ש']",4.0,0.0,0.0,0.0,4.0,1
"ייוו""א","['ייוו""א']",5.0,0.0,0.0,0.0,5.0,1
"ייט""ב","['ייט""ב']",8.0,0.0,0.0,0.0,8.0,1
"יל""ג","['יל""ג', 'ליל""ג']",66.0,0.0,0.0,0.0,66.0,2
"ימ""מ","['ימ""מ', 'לימ""מ', 'והימ""מ', 'בימ""מ', 'הימ""מ']",315.0,4.0,5.0,0.0,324.0,5
"ימ""ס","['ימ""ס', 'וימ""ס', 'והימ""ס', 'הימ""ס']",32.0,2.0,0.0,0.0,34.0,4
"ימ""ר","['ימ""ר']",8.0,1.0,0.0,0.0,9.0,1
"ימ""ש","['ימ""ש']",4.0,0.0,0.0,0.0,4.0,1
"ימק""א","['ימק""א']",31.0,0.0,0.0,0.0,31.0,1
"יס""מ","['יס""מ']",11.0,3.0,0.0,0.0,14.0,1
"יסו""ד","['יסו""ד']",6.0,0.0,0.0,0.0,6.0,1
"יע""ל","['יע""ל']",11.0,0.0,0.0,0.0,11.0,1
"יעב""ץ","['יעב""ץ', 'היעב""ץ']",13.0,0.0,0.0,0.0,13.0,2
"יפת""ח","['יפת""ח']",7.0,0.0,0.0,0.0,7.0,1
"יק""א","['מיק""א', 'יק""א', 'ליק""א']",92.0,0.0,0.0,0.0,92.0,3
"יק""ל","['יק""ל']",10.0,0.0,0.0,0.0,10.0,1
"יקנה""ז","['יקנה""ז']",5.0,0.0,0.0,0.0,5.0,1
"יש""י","['יש""י']",8.0,0.0,0.0,0.0,8.0,1
"יש""ע","['ביש""ע', 'יש""ע']",156.0,0.0,0.0,0.0,156.0,2
"כ""א","['בכ""א', 'כ""א']",216.0,1.0,0.0,0.0,217.0,2
"כ""ב","['בכ""ב', 'כ""ב']",151.0,0.0,0.0,0.0,151.0,2
"כ""ג","['בכ""ג', 'כ""ג']",167.0,1.0,0.0,0.0,168.0,2
"כ""ד","['בכ""ד', 'כ""ד']",134.0,0.0,0.0,0.0,134.0,2
"כ""ה","['הכ""ה', 'כ""ה', 'בכ""ה']",161.0,0.0,0.0,0.0,161.0,3
"כ""ו","['בכ""ו', 'כ""ו']",132.0,0.0,0.0,0.0,132.0,2
"כ""ז","['בכ""ז', 'כ""ז']",134.0,0.0,0.0,0.0,134.0,2
"כ""ח","['בכ""ח', 'כ""ח']",147.0,0.0,0.0,0.0,147.0,2
"כ""ט","['לכ""ט', 'בכ""ט', 'כ""ט']",197.0,0.0,0.0,0.0,197.0,3
"כ""י","['כ""י']",6.0,0.0,0.0,0.0,6.0,1
"כ""ך","['כ""ך']",23.0,0.0,0.0,0.0,23.0,1
"כ""כ","['כ""כ']",47.0,0.0,0.0,0.0,47.0,1
"כ""ם","['ומכ""ם']",8.0,0.0,0.0,0.0,8.0,1
"כ""מ","['מכ""מ']",1.0,7.0,0.0,0.0,8.0,1
"כ""מי","['מכ""מי']",15.0,1.0,0.0,0.0,16.0,1
"כ""ס","['כ""ס']",93.0,1.0,0.0,0.0,94.0,1
"כ""ף","['כ""ף', 'בכ""ף']",20.0,0.0,0.0,0.0,20.0,2
"כ""פ","['בכ""פ']",5.0,0.0,0.0,0.0,5.0,1
"כ""ץ","['כ""ץ']",318.0,7.0,0.0,0.0,325.0,1
"כ""צ","['כ""צ']",6.0,0.0,0.0,0.0,6.0,1
"כ""ק","['כ""ק']",8.0,0.0,0.0,0.0,8.0,1
"כא""מ","['כא""מ']",11.0,0.0,0.0,0.0,11.0,1
"כב""מ","['הכב""מ']",0.0,7.0,0.0,0.0,7.0,1
"כד""ר","['כד""ר']",7.0,1.0,0.0,0.0,8.0,1
"כו""ח","['כו""ח']",4.0,0.0,0.0,0.0,4.0,1
"כטב""ם","['כטב""ם', 'הכטב""ם']",12.0,8.0,0.0,0.0,20.0,2
"כטב""מ","['הכטב""מ']",1.0,3.0,0.0,0.0,4.0,1
"כטב""מים","['כטב""מים', 'הכטב""מים', 'בכטב""מים']",12.0,110.0,1.0,0.0,123.0,3
"כטמ""ם","['כטמ""ם']",6.0,0.0,0.0,0.0,6.0,1
"כטמ""מים","['כטמ""מים']",4.0,0.0,0.0,0.0,4.0,1
"כי""ח","['כי""ח']",54.0,0.0,0.0,0.0,54.0,1
"כיו""ב","['וכיו""ב']",13.0,6.0,0.0,0.0,19.0,1
"כיוצ""ב","['וכיוצ""ב']",11.0,1.0,0.0,0.0,12.0,1
"כל""ם","['בכל""ם']",4.0,0.0,0.0,0.0,4.0,1
"כנ""ל","['כנ""ל', 'וכנ""ל']",64.0,0.0,0.0,0.0,64.0,2
"כשב""חים","['כשב""חים']",0.0,5.0,0.0,0.0,5.0,1
"כשד""ר","['כשד""ר']",6.0,0.0,0.0,0.0,6.0,1
"כת""ז","['מכת""ז']",12.0,0.0,0.0,0.0,12.0,1
"כת""זיות","['מכת""זיות']",5.0,0.0,0.0,0.0,5.0,1
"כת""י","['מכת""י', 'כת""י']",10.0,0.0,0.0,0.0,10.0,2
"ל""א","['מל""א', 'ל""א']",70.0,3.0,0.0,0.0,73.0,2
"ל""ב","['ל""ב']",31.0,0.0,0.0,0.0,31.0,1
"ל""ג","['ובל""ג', 'ול""ג', 'לל""ג', 'בל""ג', 'ל""ג']",232.0,0.0,0.0,0.0,232.0,5
"ל""ד","['ל""ד']",45.0,0.0,0.0,0.0,45.0,1
"ל""ה","['הל""ה', 'ל""ה']",162.0,0.0,0.0,0.0,162.0,2
"ל""ו","['ל""ו']",28.0,0.0,0.0,0.0,28.0,1
"ל""ז","['ל""ז']",24.0,0.0,0.0,0.0,24.0,1
"ל""ח","['ל""ח']",16.0,0.0,0.0,0.0,16.0,1
"ל""ט","['ל""ט']",41.0,3.0,0.0,0.0,44.0,1
"ל""י","['ל""י']",43.0,0.0,0.0,0.0,43.0,1
"ל""פ","['ל""פ']",0.0,4.0,0.0,0.0,4.0,1
"ל""צ","['ל""צ']",8.0,0.0,0.0,0.0,8.0,1
"לא""י","['הלא""י']",5.0,0.0,0.0,0.0,5.0,1
"לאי""ל","['לאי""ל']",4.0,0.0,0.0,0.0,4.0,1
"לד""ר","['ולד""ר']",4.0,1.0,0.0,0.0,5.0,1
"להב""ה","['להב""ה']",9.0,3.0,0.0,0.0,12.0,1
"להד""ם","['להד""ם']",4.0,0.0,0.0,0.0,4.0,1
"להט""ב","['ללהט""ב', 'הלהט""ב', 'להט""ב']",254.0,2.0,0.0,0.0,256.0,3
"להט""בי","['הלהט""בי', 'להט""בי']",10.0,1.0,0.0,0.0,11.0,2
"להט""בים","['הלהט""בים', 'ללהט""בים', 'להט""בים']",42.0,2.0,0.0,0.0,44.0,3
"להט""בית","['הלהט""בית', 'להט""בית']",28.0,1.0,0.0,0.0,29.0,2
"לו""ז","['הלו""ז', 'לו""ז']",7.0,0.0,1.0,0.0,8.0,2
"לוט""ר","['ולוט""ר', 'הלוט""ר', 'לוט""ר']",37.0,0.0,0.0,0.0,37.0,3
"לח""י","['ללח""י', 'הלח""י', 'בלח""י', 'והלח""י', 'וללח""י', 'לח""י']",490.0,0.0,0.0,0.0,490.0,6
"לי""ש","['לי""ש']",5.0,0.0,0.0,0.0,5.0,1
"ליש""ט","['ליש""ט', 'הליש""ט']",255.0,2.0,0.0,0.0,257.0,2
"למ""ד","['למ""ד']",10.0,0.0,0.0,0.0,10.0,1
"למ""כים","['למ""כים']",10.0,0.0,0.0,0.0,10.0,1
"למ""ס","['למ""ס', 'מהלמ""ס', 'הלמ""ס']",94.0,36.0,0.0,0.0,130.0,3
"לפסה""נ","['לפסה""נ']",42.0,0.0,0.0,0.0,42.0,1
"לק""ם","['הלק""ם']",19.0,0.0,0.0,0.0,19.0,1
"לקמ""ר","['לקמ""ר']",125.0,1.0,0.0,0.0,126.0,1
"מ""א","['מ""א']",37.0,0.0,0.0,0.0,37.0,1
"מ""ב","['מ""ב']",21.0,0.0,0.0,0.0,21.0,1
"מ""ג","['ממ""ג', 'מ""ג']",189.0,0.0,0.0,0.0,189.0,2
"מ""ד","['מ""ד']",23.0,0.0,0.0,0.0,23.0,1
"מ""ה","['מ""ה']",12.0,0.0,0.0,0.0,12.0,1
"מ""ו","['מ""ו']",22.0,0.0,0.0,0.0,22.0,1
"מ""ז","['מ""ז']",29.0,0.0,0.0,0.0,29.0,1
"מ""ח","['מ""ח', 'במ""ח']",41.0,1.0,0.0,0.0,42.0,2
"מ""ט","['מ""ט']",25.0,0.0,0.0,0.0,25.0,1
"מ""י","['מ""י']",7.0,57.0,0.0,0.0,64.0,1
"מ""כ","['מ""כ']",4.0,0.0,0.0,0.0,4.0,1
"מ""כים","['המ""כים']",9.0,0.0,0.0,0.0,9.0,1
"מ""ל","['מ""ל']",83.0,0.0,0.0,0.0,83.0,1
"מ""ם","['מ""ם']",16.0,0.0,0.0,0.0,16.0,1
"מ""מ","['כמ""מ', 'ממ""מ', 'המ""מ', 'מ""מ', 'ומ""מ', 'למ""מ']",1742.0,14.0,0.0,0.0,1756.0,6
"מ""מים","['המ""מים']",7.0,0.0,0.0,0.0,7.0,1
"מ""ע","['ומ""ע']",0.0,5.0,0.0,0.0,5.0,1
"מ""פ","['מ""פ', 'כמ""פ', 'המ""פ']",55.0,3.0,2.0,0.0,60.0,3
"מ""צ","['מ""צ', 'המ""צ']",37.0,0.0,0.0,0.0,37.0,2
"מ""ק","['מ""ק', 'למ""ק', 'ממ""ק']",114.0,24.0,0.0,0.0,138.0,3
"מ""ר","['למ""ר', 'מ""ר']",285.0,3.0,0.0,0.0,288.0,2
"מ""ש","['במ""ש']",6.0,0.0,0.0,0.0,6.0,1
"מא""ה","['המא""ה']",6.0,0.0,0.0,0.0,6.0,1
"מאל""ו","['מאל""ו']",15.0,0.0,0.0,0.0,15.0,1
"מאמ""ת","['המאמ""ת', 'מאמ""ת']",20.0,0.0,0.0,0.0,20.0,2
"מאע""מ","['מאע""מ']",0.0,17.0,0.0,0.0,17.0,1
"מב""ם","['מב""ם', 'המב""ם']",0.0,23.0,0.0,0.0,23.0,2
"מב""מ","['למב""מ', 'מב""מ', 'המב""מ']",1.0,52.0,0.0,0.0,53.0,3
"מב""ת","['מב""ת']",7.0,0.0,0.0,0.0,7.0,1
"מבי""ט","['המבי""ט']",15.0,0.0,0.0,0.0,15.0,1
"מג""ב","['מג""ב', 'ומג""ב', 'ממג""ב', 'במג""ב', 'למג""ב']",323.0,188.0,0.0,0.0,511.0,5
"מג""ד","['למג""ד', 'כמג""ד', 'ומג""ד', 'מג""ד', 'המג""ד', 'והמג""ד']",100.0,0.0,0.0,0.0,100.0,6
"מג""דים","['מג""דים', 'המג""דים']",9.0,2.0,0.0,0.0,11.0,2
"מג""ל","['מג""ל']",10.0,0.0,0.0,0.0,10.0,1
"מג""ן","['מג""ן']",13.0,0.0,0.0,0.0,13.0,1
"מגח""ל","['מגח""ל']",7.0,0.0,0.0,0.0,7.0,1
"מד""א","['במד""א', 'מד""א']",79.0,9.0,0.0,0.0,88.0,2
"מד""ן","['למד""ן']",4.0,0.0,0.0,0.0,4.0,1
"מד""צים","['מד""צים']",7.0,0.0,0.0,0.0,7.0,1
"מהו""ת","['מהו""ת']",15.0,0.0,0.0,0.0,15.0,1
"מהר""א","['מהר""א']",4.0,0.0,0.0,0.0,4.0,1
"מהר""י","['מהר""י']",16.0,0.0,0.0,0.0,16.0,1
"מהר""ל","['מהמהר""ל', 'למהר""ל', 'והמהר""ל', 'המהר""ל', 'מהר""ל']",262.0,0.0,0.0,0.0,262.0,5
"מהר""ם","['ומהר""ם', 'המהר""ם', 'מהר""ם']",105.0,0.0,0.0,0.0,105.0,3
"מהר""ץ","['מהר""ץ', 'המהר""ץ']",19.0,0.0,0.0,0.0,19.0,2
"מהר""ש","['המהר""ש']",13.0,0.0,0.0,0.0,13.0,1
"מהרי""ט","['המהרי""ט']",7.0,0.0,0.0,0.0,7.0,1
"מהרי""ל","['המהרי""ל', 'למהרי""ל', 'מהרי""ל']",35.0,0.0,0.0,0.0,35.0,3
"מהרי""ץ","['מהרי""ץ']",4.0,0.0,0.0,0.0,4.0,1
"מהרש""א","['המהרש""א']",18.0,0.0,0.0,0.0,18.0,1
"מהרש""ל","['המהרש""ל']",18.0,0.0,0.0,0.0,18.0,1
"מו""ד","['מו""ד']",8.0,0.0,0.0,0.0,8.0,1
"מו""ל","['המו""לים', 'מו""ל', 'ומו""ל', 'והמו""ל', 'מהמו""ל', 'המו""ל', 'למו""ל']",274.0,0.0,0.0,0.0,274.0,7
"מו""לים","['מו""לים']",17.0,0.0,0.0,0.0,17.0,1
"מו""לית","['המו""לית']",4.0,0.0,0.0,0.0,4.0,1
"מו""מ","['מו""מ', 'המו""מ', 'במו""מ']",3.0,28.0,2.0,0.0,33.0,3
"מו""ס","['מו""ס']",4.0,0.0,0.0,0.0,4.0,1
"מו""פ","['מו""פ', 'המו""פ', 'במו""פ']",27.0,10.0,0.0,0.0,37.0,3
"מו""ר","['מו""ר']",8.0,0.0,0.0,0.0,8.0,1
"מוהר""ן","['מוהר""ן']",53.0,0.0,0.0,0.0,53.0,1
"מוכ""ז","['למוכ""ז']",5.0,0.0,0.0,0.0,5.0,1
"מועבי""ט","['מועבי""ט']",0.0,4.0,0.0,0.0,4.0,1
"מופ""ת","['מופ""ת']",26.0,0.0,0.0,0.0,26.0,1
"מוצ""ש","['מוצ""ש', 'למוצ""ש', 'במוצ""ש']",12.0,1.0,0.0,0.0,13.0,3
"מז""פ","['מז""פ']",8.0,1.0,1.0,0.0,10.0,1
"מזא""ה","['מזא""ה']",32.0,0.0,0.0,0.0,32.0,1
"מזה""ת","['במזה""ת']",1.0,4.0,0.0,0.0,5.0,1
"מזי""א","['מזי""א']",25.0,0.0,0.0,0.0,25.0,1
"מזכ""ל","['ומזכ""ל', 'והמזכ""ל', 'המזכ""ל', 'למזכ""ל', 'מזכ""ל', 'כמזכ""ל']",361.0,86.0,0.0,0.0,447.0,6
"מזכ""לי","['מזכ""לי']",8.0,0.0,0.0,0.0,8.0,1
"מזל""ט","['מזל""ט']",12.0,0.0,4.0,0.0,16.0,1
"מזל""טים","['מזל""טים']",14.0,0.0,0.0,0.0,14.0,1
"מזקו""ם","['המזקו""ם', 'במזקו""ם', 'מזקו""ם']",57.0,0.0,0.0,0.0,57.0,3
"מח""ט","['מח""ט', 'למח""ט', 'המח""ט', 'כמח""ט']",107.0,1.0,1.0,0.0,109.0,4
"מח""ל","['המח""ל']",14.0,0.0,0.0,0.0,14.0,1
"מח""מ","['המח""מ']",8.0,0.0,0.0,0.0,8.0,1
"מח""ץ","['המח""ץ']",10.0,0.0,0.0,0.0,10.0,1
"מח""צ","['המח""צ']",4.0,0.0,0.0,0.0,4.0,1
"מח""ש","['מח""ש', 'למח""ש']",17.0,0.0,0.0,0.0,17.0,2
"מחט""ב","['למחט""ב', 'במחט""ב']",9.0,0.0,0.0,0.0,9.0,2
"מחס""ר","['המחס""ר']",7.0,0.0,0.0,0.0,7.0,1
"מט""ח","['מט""ח', 'ומט""ח', 'במט""ח', 'למט""ח', 'המט""ח']",363.0,23.0,0.0,0.0,386.0,5
"מטכ""ל","['והמטכ""ל', 'למטכ""ל', 'מהמטכ""ל', 'מטכ""ל', 'המטכ""ל', 'במטכ""ל']",485.0,16.0,2.0,0.0,503.0,6
"מטכ""לי","['מטכ""לי', 'המטכ""לי']",11.0,3.0,0.0,0.0,14.0,2
"מטכ""לית","['המטכ""לית', 'מטכ""לית']",17.0,2.0,0.0,0.0,19.0,2
"מטל""ר","['מטל""ר']",4.0,0.0,0.0,0.0,4.0,1
"מטל""רים","['מטל""רים']",4.0,0.0,0.0,0.0,4.0,1
"מטע""ד","['מטע""ד']",4.0,0.0,0.0,0.0,4.0,1
"מיכ""ל","['מיכ""ל']",9.0,0.0,0.0,0.0,9.0,1
"מיצ""ב","['המיצ""ב']",4.0,0.0,0.0,0.0,4.0,1
"מכ""ם","['מכ""ם', 'המכ""ם', 'מהמכ""ם', 'והמכ""ם', 'למכ""ם', 'שהמכ""ם', 'במכ""ם', 'ממכ""ם']",634.0,15.0,0.0,9.0,658.0,8
"מכ""מים","['מכ""מים', 'המכ""מים']",48.0,5.0,0.0,1.0,54.0,2
"מכת""ז","['המכת""ז']",4.0,0.0,0.0,0.0,4.0,1
"מל""ב","['מל""ב']",15.0,0.0,0.0,0.0,15.0,1
"מל""ג","['במל""ג', 'המל""ג', 'מל""ג', 'למל""ג']",30.0,1.0,0.0,0.0,31.0,4
"מל""ו","['מל""ו']",4.0,0.0,0.0,0.0,4.0,1
"מל""ח","['מל""ח']",1.0,12.0,0.0,0.0,13.0,1
"מל""ט","['מל""ט', 'המל""ט']",14.0,22.0,0.0,0.0,36.0,2
"מל""טים","['במל""טים', 'המל""טים', 'מל""טים']",20.0,62.0,0.0,0.0,82.0,3
"מל""י","['מל""י']",4.0,0.0,0.0,0.0,4.0,1
"מל""ל","['המל""ל', 'מל""ל']",39.0,26.0,0.0,0.0,65.0,2
"מל""מ","['המל""מ', 'מל""מ']",37.0,1.0,4.0,0.0,42.0,2
"מל""ת","['במל""ת', 'המל""ת']",0.0,24.0,0.0,0.0,24.0,2
"מלבי""ם","['המלבי""ם', 'והמלבי""ם', 'מלבי""ם']",76.0,0.0,0.0,0.0,76.0,3
"מלה""ע","['מלה""ע', 'במלה""ע']",11.0,1.0,0.0,0.0,12.0,2
"מלכ""ר","['מלכ""ר', 'המלכ""ר']",34.0,0.0,0.0,0.0,34.0,2
"מלכ""רים","['מלכ""רים']",5.0,0.0,0.0,0.0,5.0,1
"מלמ""ב","['המלמ""ב']",28.0,3.0,0.0,0.0,31.0,1
"מלמ""ק","['מלמ""ק']",29.0,0.0,0.0,0.0,29.0,1
"מלמ""ש","['מלמ""ש']",19.0,0.0,0.0,0.0,19.0,1
"מלש""ב","['המלש""ב', 'מלש""ב']",15.0,1.0,0.0,0.0,16.0,2
"מלש""בים","['המלש""בים', 'מלש""בים', 'למלש""בים']",22.0,1.0,0.0,0.0,23.0,3
"ממ""ד","['ממ""ד', 'הממ""ד']",24.0,8.0,0.0,0.0,32.0,2
"ממ""ן","['ממ""ן']",4.0,0.0,0.0,0.0,4.0,1
"ממח""ע","['הממח""ע']",4.0,0.0,0.0,0.0,4.0,1
"ממר""ם","['לממר""ם', 'ממר""ם']",41.0,0.0,0.0,0.0,41.0,2
"מנא""ז","['המנא""ז']",0.0,5.0,0.0,0.0,5.0,1
"מנאט""ו","['מנאט""ו']",4.0,3.0,0.0,0.0,7.0,1
"מנאס""א","['מנאס""א']",11.0,0.0,0.0,0.0,11.0,1
"מנהא""ז","['המנהא""ז']",0.0,22.0,0.0,0.0,22.0,1
"מנכ""ל","['ומנכ""לית', 'כמנכ""ל', 'ממנכ""ל', 'שמנכ""ל', 'וכמנכ""ל', 'המנכ""ל', 'ומנכ""ל', 'והמנכ""ל', 'למנכ""ל', 'מנכ""ל']",924.0,56.0,0.0,0.0,980.0,10
"מנכ""לי","['מנכ""לי']",14.0,2.0,0.0,0.0,16.0,1
"מנכ""לים","['המנכ""לים', 'מנכ""לים']",18.0,15.0,0.0,0.0,33.0,2
"מנכ""לית","['המנכ""לית', 'מנכ""לית', 'למנכ""לית', 'כמנכ""לית']",64.0,6.0,0.0,0.0,70.0,4
"מנצפ""ך","['מנצפ""ך']",7.0,0.0,0.0,0.0,7.0,1
"מנת""ק","['מנת""ק']",6.0,0.0,0.0,0.0,6.0,1
"מס""ר","['מס""ר']",4.0,0.0,0.0,0.0,4.0,1
"מס""ש","['מס""ש']",4.0,0.0,0.0,0.0,4.0,1
"מסת""ב","['מסת""ב']",10.0,0.0,0.0,0.0,10.0,1
"מע""מ","['המע""מ', 'ממע""מ', 'במע""מ', 'ומע""מ', 'מע""מ']",129.0,14.0,0.0,0.0,143.0,5
"מע""צ","['מע""צ']",18.0,0.0,0.0,0.0,18.0,1
"מע""ר","['המע""ר', 'מע""ר', 'למע""ר']",33.0,0.0,0.0,0.0,33.0,3
"מע""רים","['מע""רים']",5.0,0.0,0.0,0.0,5.0,1
"מעו""ף","['המעו""ף']",5.0,0.0,0.0,0.0,5.0,1
"מפ""ם","['במפ""ם', 'ממפ""ם', 'למפ""ם', 'ומפ""ם', 'מפ""ם']",503.0,0.0,0.0,0.0,503.0,5
"מפא""י","['ממפא""י', 'במפא""י', 'למפא""י', 'שמפא""י', 'מפא""י']",903.0,1.0,0.0,0.0,904.0,5
"מפא""ת","['מפא""ת']",9.0,1.0,0.0,0.0,10.0,1
"מפד""ל","['במפד""ל', 'והמפד""ל', 'מהמפד""ל', 'מפד""ל', 'המפד""ל', 'למפד""ל']",421.0,0.0,0.0,0.0,421.0,6
"מפח""ש","['מפח""ש', 'המפח""ש']",28.0,0.0,0.0,0.0,28.0,2
"מפכ""ל","['כמפכ""ל', 'המפכ""ל', 'מפכ""ל', 'ומפכ""ל', 'למפכ""ל']",104.0,17.0,0.0,0.0,121.0,5
"מפכ""ש","['המפכ""ש']",5.0,0.0,0.0,0.0,5.0,1
"מצ""ד","['מצ""ד']",11.0,0.0,0.0,0.0,11.0,1
"מצ""ח","['במצ""ח', 'מצ""ח']",22.0,1.0,0.0,0.0,23.0,2
"מציל""ה","['מציל""ה']",12.0,0.0,0.0,0.0,12.0,1
"מק""י","['ממק""י', 'במק""י', 'ומק""י', 'מק""י', 'למק""י']",164.0,0.0,0.0,0.0,164.0,5
"מק""כ","['מק""כ', 'המק""כ']",12.0,0.0,0.0,0.0,12.0,2
"מק""מ","['מק""מ']",10.0,0.0,0.0,0.0,10.0,1
"מק""ס","['המק""ס']",2.0,10.0,0.0,0.0,12.0,1
"מקא""ם","['מקא""ם']",4.0,0.0,0.0,0.0,4.0,1
"מר""י","['ממר""י']",7.0,1.0,0.0,0.0,8.0,1
"מר""ם","['מר""ם']",5.0,0.0,0.0,0.0,5.0,1
"מר""פ","['מר""פ']",4.0,0.0,0.0,0.0,4.0,1
"מר""ץ","['מר""ץ']",5.0,0.0,0.0,0.0,5.0,1
"מרפ""א","['מרפ""א']",5.0,0.0,0.0,0.0,5.0,1
"מש""א","['מש""א']",12.0,0.0,0.0,0.0,12.0,1
"מש""ה","['מש""ה']",14.0,0.0,0.0,0.0,14.0,1
"מש""צים","['מש""צים']",7.0,0.0,0.0,0.0,7.0,1
"מש""ק","['כמש""ק', 'מש""ק']",13.0,0.0,0.0,0.0,13.0,2
"מש""קי","['ומש""קי', 'מש""קי']",9.0,0.0,0.0,0.0,9.0,2
"משה""ב","['משה""ב']",4.0,0.0,0.0,0.0,4.0,1
"משהב""ט","['משהב""ט']",8.0,1.0,0.0,0.0,9.0,1
"משת""פ","['משת""פ']",1.0,0.0,14.0,0.0,15.0,1
"משת""פים","['המשת""פים', 'משת""פים']",8.0,0.0,11.0,0.0,19.0,2
"מת""ב","['מת""ב']",8.0,0.0,0.0,0.0,8.0,1
"מת""ל","['מת""ל']",4.0,0.0,0.0,0.0,4.0,1
"מת""ן","['מת""ן']",5.0,0.0,0.0,0.0,5.0,1
"מתנ""ס","['מתנ""ס', 'במתנ""ס', 'ומתנ""ס', 'המתנ""ס']",130.0,0.0,0.0,0.0,130.0,4
"מתנ""סים","['המתנ""סים', 'ומתנ""סים', 'מתנ""סים', 'למתנ""סים']",67.0,0.0,0.0,0.0,67.0,4
"נ""א","['נ""א']",36.0,1.0,0.0,0.0,37.0,1
"נ""ב","['נ""ב']",15.0,0.0,0.0,0.0,15.0,1
"נ""ג","['נ""ג']",15.0,0.0,0.0,0.0,15.0,1
"נ""ד","['נ""ד', 'הנ""ד']",22.0,0.0,0.0,0.0,22.0,2
"נ""ה","['נ""ה']",5.0,0.0,0.0,0.0,5.0,1
"נ""ו","['נ""ו']",15.0,0.0,0.0,0.0,15.0,1
"נ""ז","['נ""ז']",13.0,0.0,0.0,0.0,13.0,1
"נ""ח","['נ""ח']",13.0,0.0,0.0,0.0,13.0,1
"נ""ט","['הנ""ט', 'ונ""ט', 'נ""ט']",416.0,25.0,0.0,0.0,441.0,3
"נ""י","['נ""י']",7.0,0.0,0.0,0.0,7.0,1
"נ""ך","['הנ""ך', 'נ""ך']",12.0,0.0,0.0,0.0,12.0,2
"נ""ל","['שהנ""ל', 'מהנ""ל']",17.0,0.0,0.0,0.0,17.0,2
"נ""מ","['ונ""מ', 'בנ""מ', 'נ""מ', 'הנ""מ']",399.0,10.0,0.0,2.0,411.0,4
"נ""ס","['נ""ס']",5.0,0.0,0.0,0.0,5.0,1
"נ""צ","['נ""צ']",4.0,0.0,5.0,1.0,10.0,1
"נא""י","['בנא""י']",9.0,0.0,0.0,0.0,9.0,1
"נא""פ","['הנא""פ', 'נא""פ']",8.0,0.0,0.0,0.0,8.0,2
"נאט""ו","['בנאט""ו', 'ובנאט""ו', 'לנאט""ו', 'ולנאט""ו', 'ונאט""ו', 'נאט""ו']",506.0,319.0,0.0,0.0,825.0,6
"נאס""א","['לנאס""א', 'ונאס""א', 'בנאס""א', 'נאס""א', 'שנאס""א']",623.0,1.0,0.0,0.0,624.0,5
"נאסד""ק","['הנאסד""ק', 'נאסד""ק', 'בנאסד""ק']",47.0,0.0,0.0,0.0,47.0,3
"נגמ""ש","['הנגמ""שים', 'לנגמ""שים', 'בנגמ""שי', 'לנגמ""ש', 'הנגמ""ש', 'נגמ""ש', 'בנגמ""ש', 'ונגמ""ש']",242.0,3.0,0.0,0.0,245.0,8
"נגמ""שי","['ונגמ""שי', 'נגמ""שי']",43.0,1.0,0.0,0.0,44.0,2
"נגמ""שים","['ונגמ""שים', 'בנגמ""שים', 'נגמ""שים']",97.0,2.0,0.0,0.0,99.0,3
"נגמחו""ן","['הנגמחו""ן']",4.0,0.0,0.0,0.0,4.0,1
"נגמשו""ט","['הנגמשו""ט']",5.0,0.0,0.0,0.0,5.0,1
"נדל""ן","['הנדל""ן', 'לנדל""ן', 'בנדל""ן', 'ונדל""ן', 'נדל""ן', 'והנדל""ן']",232.0,15.0,1.0,0.0,248.0,6
"נדל""נית","['נדל""נית']",5.0,1.0,0.0,0.0,6.0,1
"נו""ן","['נו""ן']",14.0,0.0,0.0,0.0,14.0,1
"נוע""ל","['הנוע""ל']",10.0,0.0,0.0,0.0,10.0,1
"נוע""ם","['נוע""ם']",6.0,0.0,0.0,0.0,6.0,1
"נח""ל","['הנח""ל', 'והנח""ל', 'בנח""ל', 'ונח""ל', 'מהנח""ל', 'לנח""ל', 'נח""ל']",901.0,1.0,0.0,0.0,902.0,7
"נח""לאים","['הנח""לאים']",14.0,0.0,0.0,0.0,14.0,1
"נח""ת","['נח""ת']",12.0,0.0,0.0,0.0,12.0,1
"ני""ע","['בני""ע', 'ני""ע']",11.0,0.0,0.0,0.0,11.0,2
"ניל""י","['ניל""י', 'לניל""י', 'בניל""י']",182.0,0.0,0.0,0.0,182.0,3
"נל""א","['נל""א']",8.0,0.0,0.0,0.0,8.0,1
"נל""נ","['נל""נ']",6.0,0.0,0.0,0.0,6.0,1
"נל""ר","['נל""ר']",8.0,0.0,0.0,0.0,8.0,1
"נמ""ג","['נמ""ג']",6.0,0.0,0.0,0.0,6.0,1
"נמ""ר","['נמ""רבולנס', 'נמ""ר', 'בנמ""ר', 'ונמ""ר', 'הנמ""ר']",121.0,1.0,0.0,0.0,122.0,5
"נמב""י","['נמב""י']",5.0,0.0,0.0,0.0,5.0,1
"נמר""ה","['נמר""ה']",7.0,0.0,0.0,0.0,7.0,1
"נצ""ח","['נצ""ח']",7.0,0.0,0.0,0.0,7.0,1
"נצ""מ","['נצ""מ']",4.0,0.0,0.0,0.0,4.0,1
"נצי""ב","['לנצי""ב', 'הנצי""ב']",102.0,0.0,0.0,0.0,102.0,2
"נק""י","['בנק""י']",33.0,0.0,0.0,0.0,33.0,1
"נק""ל","['נק""ל']",12.0,1.0,1.0,0.0,14.0,1
"נת""ע","['נת""ע']",26.0,0.0,0.0,0.0,26.0,1
"נתב""ג","['מנתב""ג', 'נתב""ג', 'לנתב""ג', 'בנתב""ג']",46.0,4.0,0.0,0.0,50.0,4
"ס""א","['ס""א']",8.0,0.0,0.0,0.0,8.0,1
"ס""ב","['ס""ב']",8.0,0.0,0.0,0.0,8.0,1
"ס""ג","['ס""ג']",6.0,0.0,0.0,0.0,6.0,1
"ס""ד","['ס""ד']",10.0,0.0,0.0,0.0,10.0,1
"ס""ה","['ס""ה']",10.0,0.0,0.0,0.0,10.0,1
"ס""ו","['ס""ו']",9.0,0.0,0.0,0.0,9.0,1
"ס""ז","['ס""ז']",8.0,0.0,0.0,0.0,8.0,1
"ס""ח","['ס""ח']",5.0,0.0,0.0,0.0,5.0,1
"ס""ט","['ס""ט']",15.0,0.0,0.0,0.0,15.0,1
"ס""כ","['ס""כ']",4.0,0.0,0.0,0.0,4.0,1
"ס""מ","['ס""מ']",1174.0,0.0,0.0,0.0,1174.0,1
"ס""ס","['ס""ס', 'הס""ס']",26.0,0.0,0.0,0.0,26.0,2
"ס""פ","['ס""פ', 'הס""פ']",18.0,0.0,0.0,0.0,18.0,2
"ס""ק","['ס""ק']",4.0,0.0,0.0,0.0,4.0,1
"סא""ל","['לסא""ל', 'סא""ל', 'וסא""ל']",271.0,20.0,0.0,0.0,291.0,3
"סאל""ט","['סאל""ט']",17.0,0.0,0.0,0.0,17.0,1
"סב""ר","['הסב""ר', 'בסב""ר']",17.0,0.0,0.0,0.0,17.0,2
"סבא""א","['בסבא""א', 'סבא""א', 'לסבא""א', 'שסבא""א']",19.0,266.0,0.0,0.0,285.0,4
"סג""ל","['סג""ל']",30.0,0.0,0.0,0.0,30.0,1
"סג""ם","['סג""ם']",26.0,0.0,0.0,0.0,26.0,1
"סד""גים","['הסד""גים']",4.0,0.0,0.0,0.0,4.0,1
"סד""כ","['בסד""כ', 'סד""כ', 'הסד""כ']",20.0,15.0,1.0,0.0,36.0,3
"סה""כ","['ובסה""כ', 'סה""כ', 'בסה""כ', 'וסה""כ']",305.0,11.0,0.0,0.0,316.0,4
"סה""נ","['לסה""נ']",21.0,0.0,0.0,0.0,21.0,1
"סופ""ש","['סופ""ש', 'בסופ""ש']",11.0,0.0,0.0,0.0,11.0,2
"סוק""ק","['סוק""ק']",6.0,0.0,0.0,0.0,6.0,1
"סט""י","['סט""י']",11.0,0.0,0.0,0.0,11.0,1
"סטי""ל","['סטי""לים', 'בסטי""ל', 'סטי""ל']",25.0,0.0,0.0,0.0,25.0,3
"סיב""ט","['סיב""ט']",5.0,0.0,0.0,0.0,5.0,1
"סיפ""ו","['סיפ""ו']",5.0,0.0,0.0,0.0,5.0,1
"סכו""ם","['סכו""ם', 'וסכו""ם']",10.0,0.0,0.0,0.0,10.0,2
"סל""ד","['הסל""ד', 'בסל""ד', 'סל""ד']",48.0,0.0,0.0,0.0,48.0,3
"סל""ה","['סל""ה']",9.0,0.0,0.0,0.0,9.0,1
"סל""ע","['סל""ע']",23.0,0.0,0.0,0.0,23.0,1
"סמ""ג","['סמ""ג', 'הסמ""ג']",17.0,0.0,0.0,0.0,17.0,2
"סמ""ח","['בסמ""ח']",5.0,0.0,0.0,0.0,5.0,1
"סמ""ט","['לסמ""ט', 'סמ""ט']",8.0,0.0,0.0,0.0,8.0,2
"סמ""ך","['סמ""ך']",11.0,0.0,0.0,0.0,11.0,1
"סמ""פ","['הסמ""פ', 'סמ""פ']",12.0,0.0,0.0,0.0,12.0,2
"סמ""ק","['סמ""ק', 'לסמ""ק']",202.0,0.0,0.0,0.0,202.0,2
"סמ""ר","['לסמ""ר', 'וסמ""ר', 'הסמ""ר', 'סמ""ר']",49.0,0.0,0.0,0.0,49.0,4
"סמג""ד","['כסמג""ד', 'הסמג""ד', 'סמג""ד']",24.0,0.0,0.0,0.0,24.0,3
"סמו""ר","['סמו""ר']",5.0,0.0,0.0,0.0,5.0,1
"סמח""ט","['סמח""ט', 'הסמח""ט']",19.0,0.0,0.0,0.0,19.0,2
"סמנכ""ל","['וסמנכ""ל', 'כסמנכ""ל', 'סמנכ""ל']",52.0,4.0,0.0,0.0,56.0,3
"סמנכ""לית","['סמנכ""לית']",5.0,2.0,0.0,0.0,7.0,1
"סנטקו""ם","['סנטקו""ם']",0.0,6.0,0.0,0.0,6.0,1
"ספה""נ","['לספה""נ']",10.0,0.0,0.0,0.0,10.0,1
"סק""א","['סק""א']",4.0,0.0,0.0,0.0,4.0,1
"סת""ם","['הסת""ם', 'סת""ם']",71.0,0.0,0.0,0.0,71.0,2
"ע""א","['ע""א']",56.0,0.0,0.0,0.0,56.0,1
"ע""ב","['ע""ב']",45.0,0.0,0.0,0.0,45.0,1
"ע""ג","['ע""ג']",8.0,0.0,0.0,0.0,8.0,1
"ע""ד","['ע""ד']",12.0,0.0,0.0,0.0,12.0,1
"ע""ה","['ע""ה']",16.0,0.0,0.0,0.0,16.0,1
"ע""ו","['ע""ו']",13.0,0.0,0.0,0.0,13.0,1
"ע""ז","['ע""ז']",10.0,0.0,0.0,0.0,10.0,1
"ע""ח","['ע""ח']",6.0,0.0,0.0,0.0,6.0,1
"ע""ט","['ע""ט']",11.0,0.0,0.0,0.0,11.0,1
"ע""י","['שע""י', 'וע""י', 'ע""י']",288.0,29.0,0.0,0.0,317.0,3
"ע""ל","['הע""ל']",11.0,0.0,0.0,0.0,11.0,1
"ע""ם","['לע""ם']",7.0,0.0,0.0,0.0,7.0,1
"ע""מ","['ע""מ', 'לע""מ']",33.0,3.0,0.0,0.0,36.0,2
"ע""נ","['ע""נ']",4.0,0.0,0.0,0.0,4.0,1
"ע""ס","['ע""ס']",4.0,0.0,0.0,0.0,4.0,1
"ע""ע","['ע""ע']",37.0,0.0,0.0,0.0,37.0,1
"ע""פ","['בע""פ', 'ע""פ']",168.0,1.0,0.0,0.0,169.0,2
"ע""ר","['ע""ר']",12.0,0.0,0.0,0.0,12.0,1
"ע""ש","['ע""ש']",1285.0,14.0,0.0,0.0,1299.0,1
"עב""ם","['עב""ם']",12.0,0.0,0.0,0.0,12.0,1
"עב""מ","['עב""מ']",4.0,0.0,0.0,0.0,4.0,1
"עב""מים","['עב""מים', 'העב""מים']",36.0,0.0,0.0,0.0,36.0,2
"עד""ש","['עד""ש']",4.0,0.0,0.0,0.0,4.0,1
"עהב""ט","['ומעהב""ט']",11.0,0.0,0.0,0.0,11.0,1
"עו""ד","['עו""ד', 'ועו""ד', 'לעו""ד']",226.0,13.0,0.0,0.0,239.0,3
"עו""ז","['מעו""ז']",4.0,0.0,0.0,0.0,4.0,1
"עו""ש","['עו""ש']",4.0,0.0,0.0,0.0,4.0,1
"עוה""ד","['עוה""ד']",5.0,0.0,0.0,0.0,5.0,1
"עי""ן","['עי""ן', 'ועי""ן', 'בעי""ן']",22.0,0.0,0.0,0.0,22.0,3
"עי""ש","['עי""ש']",4.0,0.0,0.0,0.0,4.0,1
"עיל""ם","['עיל""ם']",4.0,0.0,0.0,0.0,4.0,1
"עכ""פ","['עכ""פ']",5.0,0.0,0.0,0.0,5.0,1
"עכו""ם","['עכו""ם']",15.0,0.0,0.0,0.0,15.0,1
"על""ה","['על""ה']",9.0,0.0,0.0,0.0,9.0,1
"עמ""י","['עמ""י']",13.0,0.0,0.0,0.0,13.0,1
"עמו""ס","['עמו""ס']",4.0,0.0,0.0,0.0,4.0,1
"עפ""י","['ועפ""י', 'עפ""י']",29.0,0.0,0.0,0.0,29.0,2
"עת""מ","['עת""מ']",5.0,0.0,0.0,0.0,5.0,1
"עתי""ם","['עתי""ם']",4.0,0.0,0.0,0.0,4.0,1
"פ""א","['פ""א', 'בפ""א']",35.0,0.0,0.0,0.0,35.0,2
"פ""ב","['פ""ב']",7.0,0.0,0.0,0.0,7.0,1
"פ""ג","['פ""ג']",12.0,0.0,0.0,0.0,12.0,1
"פ""ד","['פ""ד']",38.0,6.0,0.0,0.0,44.0,1
"פ""ה","['פ""ה', 'ופ""ה']",12.0,0.0,0.0,0.0,12.0,2
"פ""ו","['פ""ו']",6.0,0.0,0.0,0.0,6.0,1
"פ""ז","['פ""ז']",5.0,0.0,0.0,0.0,5.0,1
"פ""ח","['פ""ח']",8.0,0.0,0.0,0.0,8.0,1
"פ""ט","['פ""ט']",7.0,0.0,0.0,0.0,7.0,1
"פ""מ","['פ""מ']",7.0,0.0,0.0,0.0,7.0,1
"פ""נ","['פ""נ']",6.0,0.0,0.0,0.0,6.0,1
"פ""ת","['כפ""ת', 'פ""ת']",36.0,0.0,0.0,0.0,36.0,2
"פא""י","['ומפא""י', 'פא""י']",36.0,0.0,0.0,0.0,36.0,2
"פא""ן","['פא""ן']",6.0,0.0,0.0,0.0,6.0,1
"פאג""י","['פאג""י']",9.0,0.0,0.0,0.0,9.0,1
"פו""ם","['פו""ם', 'הפו""ם']",10.0,0.0,0.0,0.0,10.0,2
"פו""ש","['הפו""ש', 'פו""ש']",17.0,0.0,0.0,0.0,17.0,2
"פומ""ה","['פומ""ה', 'הפומ""ה']",47.0,0.0,0.0,0.0,47.0,2
"פוע""ה","['פוע""ה']",6.0,0.0,0.0,0.0,6.0,1
"פז""ם","['פז""ם']",26.0,0.0,0.0,0.0,26.0,1
"פח""ע","['פח""ע']",8.0,1.0,0.0,0.0,9.0,1
"פיב""א","['פיב""א']",49.0,0.0,0.0,0.0,49.0,1
"פיד""ה","['פיד""ה']",47.0,0.0,0.0,0.0,47.0,1
"פיפ""א","['מפיפ""א', 'לפיפ""א', 'פיפ""א', 'בפיפ""א']",262.0,5.0,0.0,0.0,267.0,4
"פיק""א","['מפיק""א', 'פיק""א', 'ופיק""א']",90.0,0.0,0.0,0.0,90.0,3
"פל""ג","['מפל""ג']",5.0,0.0,0.0,0.0,5.0,1
"פלחה""ן","['פלחה""ן', 'הפלחה""ן']",40.0,0.0,0.0,0.0,40.0,2
"פלחי""ק","['פלחי""ק', 'הפלחי""ק']",14.0,0.0,0.0,0.0,14.0,2
"פלי""ם","['הפלי""ם', 'בפלי""ם', 'פלי""ם']",57.0,0.0,0.0,0.0,57.0,3
"פלמ""ח","['ובפלמ""ח', 'והפלמ""ח', 'פלמ""ח', 'בפלמ""ח', 'לפלמ""ח', 'מהפלמ""ח', 'הפלמ""ח', 'שהפלמ""ח']",1031.0,1.0,0.0,0.0,1032.0,8
"פלנ""חניק","['הפלנ""חניק']",4.0,0.0,0.0,0.0,4.0,1
"פלנ""ט","['הפלנ""ט', 'פלנ""ט']",26.0,0.0,0.0,0.0,26.0,2
"פלס""ר","['פלס""ר', 'ופלס""ר', 'הפלס""ר']",86.0,0.0,1.0,0.0,87.0,3
"פלס""רי","['פלס""רי']",6.0,0.0,0.0,0.0,6.0,1
"פמ""א","['פמ""א']",4.0,0.0,0.0,0.0,4.0,1
"פנ""ס","['לפנ""ס']",5.0,0.0,0.0,0.0,5.0,1
"פנה""ס","['לפנה""ס']",7907.0,1.0,0.0,0.0,7908.0,1
"פניה""ס","['לפניה""ס']",5.0,0.0,0.0,0.0,5.0,1
"פס""ד","['פס""ד', 'בפס""ד']",30.0,0.0,0.0,0.0,30.0,2
"פפד""מ","['פפד""מ']",5.0,0.0,0.0,0.0,5.0,1
"פצ""ר","['הפצ""ר']",4.0,0.0,0.0,0.0,4.0,1
"פצמ""ר","['פצמ""ר']",9.0,0.0,0.0,0.0,9.0,1
"פצמ""רים","['ופצמ""רים', 'פצמ""רים']",23.0,1.0,0.0,0.0,24.0,2
"פק""פ","['הפק""פ', 'פק""פ']",25.0,0.0,0.0,0.0,25.0,2
"פקמ""ז","['פקמ""ז']",1.0,21.0,0.0,0.0,22.0,1
"פקע""ר","['לפקע""ר', 'פקע""ר']",1.0,36.0,0.0,0.0,37.0,2
"פר""ג","['פר""ג']",6.0,0.0,0.0,0.0,6.0,1
"פת""ח","['מפת""ח', 'ופת""ח', 'הפת""ח', 'מהפת""ח', 'בפת""ח', 'לפת""ח', 'פת""ח']",362.0,217.0,7.0,0.0,586.0,7
"צ""א","['צ""א']",4.0,0.0,0.0,0.0,4.0,1
"צ""ד","['צ""ד']",7.0,0.0,0.0,0.0,7.0,1
"צ""ח","['הצ""ח']",12.0,0.0,0.0,0.0,12.0,1
"צ""ל","['צ""ל']",11.0,0.0,0.0,0.0,11.0,1
"צ""ס","['צ""ס']",7.0,0.0,0.0,0.0,7.0,1
"צא""ח","['צא""ח']",11.0,0.0,0.0,0.0,11.0,1
"צד""י","['צד""י']",11.0,0.0,0.0,0.0,11.0,1
"צד""ל","['צד""ל', 'וצד""ל', 'בצד""ל', 'לצד""ל']",192.0,12.0,0.0,0.0,204.0,4
"צה""ל","['צה""לי', 'ולצה""ל', 'צה""ל', 'מצה""ל', 'וצה""ל', 'ובצה""ל', 'כשצה""ל', 'לצה""ל', 'בצה""ל', 'שבצה""ל', 'שצה""ל']",7881.0,1696.0,4.0,0.0,9581.0,11
"צה""לי","['הצה""לי']",29.0,19.0,0.0,0.0,48.0,1
"צה""ליות","['צה""ליות']",5.0,1.0,0.0,0.0,6.0,1
"צה""ליים","['הצה""ליים', 'צה""ליים']",19.0,3.0,0.0,0.0,22.0,2
"צה""לית","['צה""לית', 'הצה""לית']",48.0,5.0,0.0,0.0,53.0,2
"צה""ר","['הצה""ר', 'והצה""ר']",86.0,0.0,0.0,0.0,86.0,2
"צי""ד","['צי""ד']",16.0,1.0,0.0,0.0,17.0,1
"צל""ב","['צל""ב', 'לצל""ב']",0.0,18.0,0.0,0.0,18.0,2
"צל""ח","['צל""ח']",4.0,0.0,0.0,0.0,4.0,1
"צל""ש","['הצל""ש', 'וצל""ש', 'צל""ש', 'לצל""ש']",211.0,0.0,0.0,0.0,211.0,4
"צל""שי","['צל""שי']",8.0,0.0,0.0,0.0,8.0,1
"צל""שים","['צל""שים', 'והצל""שים', 'וצל""שים', 'הצל""שים']",53.0,0.0,0.0,0.0,53.0,4
"צמ""ד","['צמ""ד']",9.0,0.0,0.0,0.0,9.0,1
"צמ""ה","['וצמ""ה', 'הצמ""ה', 'צמ""ה']",189.0,0.0,0.0,0.0,189.0,3
"צמ""פ","['צמ""פ']",7.0,0.0,0.0,0.0,7.0,1
"צמר""ת","['צמר""ת']",4.0,0.0,0.0,0.0,4.0,1
"צסק""א","['לצסק""א', 'צסק""א']",73.0,0.0,0.0,0.0,73.0,2
"ק""א","['ק""א']",16.0,0.0,0.0,0.0,16.0,1
"ק""ב","['ק""ב']",11.0,0.0,0.0,0.0,11.0,1
"ק""ג","['בק""ג', 'ק""ג', 'מק""ג', 'לק""ג']",1102.0,34.0,1.0,0.0,1137.0,4
"ק""ד","['ק""ד']",10.0,0.0,0.0,0.0,10.0,1
"ק""ו","['ק""ו']",7.0,0.0,0.0,0.0,7.0,1
"ק""ח","['ק""ח']",4.0,0.0,0.0,0.0,4.0,1
"ק""ט","['ק""ט']",12.0,0.0,0.0,0.0,12.0,1
"ק""י","['ק""י']",5.0,0.0,0.0,0.0,5.0,1
"ק""כ","['ק""כ']",5.0,0.0,0.0,0.0,5.0,1
"ק""ם","['ק""ם']",4.0,0.0,0.0,0.0,4.0,1
"ק""מ","['הק""מ', 'ק""מ', 'לק""מ', 'כק""מ']",3136.0,95.0,0.0,0.0,3231.0,4
"ק""ק","['ק""ק']",6.0,0.0,0.0,0.0,6.0,1
"קב""א","['הקב""א', 'קב""א']",22.0,0.0,0.0,0.0,22.0,2
"קב""ה","['בקב""ה', 'שהקב""ה', 'לקב""ה']",35.0,0.0,0.0,0.0,35.0,3
"קב""ן","['קב""ן']",4.0,0.0,0.0,0.0,4.0,1
"קג""ב","['הקג""ב', 'קג""ב']",11.0,0.0,0.0,0.0,11.0,2
"קג""ם","['קג""ם']",10.0,0.0,0.0,0.0,10.0,1
"קד""ם","['קד""ם']",6.0,0.0,0.0,0.0,6.0,1
"קה""ת","['קה""ת']",71.0,0.0,0.0,0.0,71.0,1
"קהנ""ר","['הקהנ""ר']",6.0,0.0,0.0,0.0,6.0,1
"קו""ף","['קו""ף']",6.0,0.0,0.0,0.0,6.0,1
"קוט""ש","['לקוט""ש', 'קוט""ש']",11.0,1.0,0.0,0.0,12.0,2
"קופ""ח","['קופ""ח']",7.0,0.0,0.0,0.0,7.0,1
"קחצ""ר","['הקחצ""ר', 'קחצ""ר']",9.0,0.0,0.0,0.0,9.0,2
"קי""א","['קי""א']",7.0,0.0,0.0,0.0,7.0,1
"קי""ב","['קי""ב']",5.0,0.0,0.0,0.0,5.0,1
"קי""ז","['קי""ז']",5.0,0.0,0.0,0.0,5.0,1
"קי""ח","['קי""ח']",8.0,0.0,0.0,0.0,8.0,1
"קי""ט","['קי""ט']",7.0,0.0,0.0,0.0,7.0,1
"קכ""א","['קכ""א']",4.0,0.0,0.0,0.0,4.0,1
"קכ""ב","['קכ""ב']",8.0,0.0,0.0,0.0,8.0,1
"קכ""ו","['קכ""ו']",7.0,0.0,0.0,0.0,7.0,1
"קל""ד","['קל""ד']",8.0,0.0,0.0,0.0,8.0,1
"קל""ה","['קל""ה']",4.0,0.0,0.0,0.0,4.0,1
"קל""ז","['קל""ז']",14.0,1.0,0.0,0.0,15.0,1
"קל""ח","['קל""ח']",9.0,0.0,0.0,0.0,9.0,1
"קל""ר","['מקל""ר']",6.0,0.0,0.0,0.0,6.0,1
"קמ""א","['קמ""א']",10.0,0.0,0.0,0.0,10.0,1
"קמ""ג","['קמ""ג', 'הקמ""ג', 'בקמ""ג']",28.0,0.0,0.0,0.0,28.0,3
"קמ""ד","['קמ""ד']",4.0,0.0,0.0,0.0,4.0,1
"קמ""ט","['קמ""ט']",7.0,0.0,0.0,0.0,7.0,1
"קמ""ן","['הקמ""ן', 'קמ""ן']",11.0,0.0,0.0,0.0,11.0,2
"קמ""ק","['קמ""ק']",4.0,0.0,0.0,0.0,4.0,1
"קמ""ר","['קמ""ר']",1148.0,12.0,0.0,0.0,1160.0,1
"קמ""ש","['קמ""ש']",436.0,5.0,0.0,0.0,441.0,1
"קמב""ץ","['קמב""ץ']",11.0,0.0,0.0,0.0,11.0,1
"קמצ""ר","['הקמצ""ר']",4.0,0.0,0.0,0.0,4.0,1
"קנ""א","['קנ""א']",45.0,0.0,0.0,0.0,45.0,1
"קס""ג","['קס""ג']",5.0,0.0,0.0,0.0,5.0,1
"קע""ם","['קע""ם']",13.0,0.0,0.0,0.0,13.0,1
"קע""מ","['קע""מ']",12.0,0.0,0.0,0.0,12.0,1
"קצ""ב","['קצ""ב']",5.0,0.0,0.0,0.0,5.0,1
"קצא""א","['קצא""א']",20.0,5.0,0.0,0.0,25.0,1
"קק""ל","['וקק""ל', 'קק""ל', 'בקק""ל', 'הקק""ל', 'לקק""ל']",258.0,1.0,0.0,0.0,259.0,5
"קרפ""ח","['קרפ""ח']",5.0,0.0,0.0,0.0,5.0,1
"קרפ""ר","['הקרפ""ר', 'קרפ""ר']",10.0,0.0,0.0,0.0,10.0,2
"קש""ת","['קש""ת']",5.0,0.0,0.0,0.0,5.0,1
"קת""מ","['הקת""מ']",4.0,0.0,0.0,0.0,4.0,1
"ר""ג","['ר""ג']",16.0,0.0,0.0,0.0,16.0,1
"ר""ד","['ר""ד']",12.0,0.0,0.0,0.0,12.0,1
"ר""ה","['ר""ה']",5.0,0.0,0.0,0.0,5.0,1
"ר""ח","['ר""ח', 'בר""ח']",11.0,0.0,0.0,0.0,11.0,2
"ר""י","['ר""י']",38.0,0.0,0.0,0.0,38.0,1
"ר""ל","['ר""ל']",4.0,0.0,0.0,0.0,4.0,1
"ר""מ","['ור""מ', 'ר""מ', 'כר""מ', 'לר""מ']",232.0,0.0,0.0,0.0,232.0,4
"ר""מים","['הר""מים', 'כר""מים', 'לר""מים']",28.0,0.0,0.0,0.0,28.0,3
"ר""ן","['והר""ן', 'ר""ן', 'הר""ן']",54.0,0.0,0.0,0.0,54.0,3
"ר""ס","['ר""ס']",4.0,0.0,0.0,0.0,4.0,1
"ר""צ","['ר""צ']",10.0,0.0,0.0,0.0,10.0,1
"ר""ש","['ר""ש', 'והר""ש']",19.0,0.0,0.0,0.0,19.0,2
"ר""ת","['בר""ת', 'ר""ת']",65.0,0.0,0.0,0.0,65.0,2
"רא""ל","['רא""ל']",25.0,17.0,0.0,0.0,42.0,1
"רא""ם","['רא""ם', 'הרא""ם']",55.0,0.0,0.0,0.0,55.0,2
"רא""ש","['והרא""ש', 'רא""ש', 'הרא""ש']",166.0,0.0,0.0,0.0,166.0,3
"ראב""ד","['לראב""ד', 'כראב""ד', 'ראב""ד', 'הראב""ד']",111.0,0.0,0.0,0.0,111.0,4
"ראב""ן","['הראב""ן']",11.0,0.0,0.0,0.0,11.0,1
"ראב""ע","['לראב""ע', 'הראב""ע', 'ראב""ע']",42.0,0.0,0.0,0.0,42.0,3
"ראבי""ה","['ראבי""ה', 'הראבי""ה']",10.0,0.0,0.0,0.0,10.0,2
"ראי""ה","['ראי""ה', 'לראי""ה']",13.0,0.0,0.0,0.0,13.0,2
"ראמ""ה","['ראמ""ה']",5.0,0.0,0.0,0.0,5.0,1
"רב""ט","['רב""ט']",30.0,1.0,0.0,0.0,31.0,1
"רב""ש","['הרב""ש']",4.0,0.0,0.0,0.0,4.0,1
"רבצ""ר","['הרבצ""ר']",7.0,0.0,0.0,0.0,7.0,1
"רגמ""ה","['רגמ""ה']",7.0,0.0,0.0,0.0,7.0,1
"רד""צ","['רד""צ']",55.0,0.0,0.0,0.0,55.0,1
"רד""ק","['ורד""ק', 'רד""ק', 'הרד""ק']",99.0,0.0,0.0,0.0,99.0,3
"רדב""ז","['הרדב""ז']",25.0,0.0,0.0,0.0,25.0,1
"רה""ג","['הרה""ג']",4.0,0.0,0.0,0.0,4.0,1
"רה""מ","['רה""מ']",21.0,1.0,0.0,0.0,22.0,1
"רו""ח","['רו""ח']",9.0,0.0,0.0,0.0,9.0,1
"רוב""צ","['רוב""צ']",6.0,0.0,0.0,0.0,6.0,1
"רוה""מ","['רוה""מ']",5.0,0.0,2.0,0.0,7.0,1
"רוס""ר","['רוס""ר']",6.0,0.0,0.0,0.0,6.0,1
"רז""א","['הרז""א']",5.0,0.0,0.0,0.0,5.0,1
"רז""ה","['רז""ה', 'הרז""ה']",18.0,0.0,0.0,0.0,18.0,2
"רח""ד","['רח""ד']",8.0,0.0,0.0,0.0,8.0,1
"רח""ל","['רח""ל']",2.0,28.0,0.0,0.0,30.0,1
"רח""ק","['רח""ק']",20.0,0.0,0.0,0.0,20.0,1
"רחב""ע","['רחב""ע']",5.0,0.0,0.0,0.0,5.0,1
"רי""ב","['רי""ב']",40.0,0.0,0.0,0.0,40.0,1
"רי""ד","['רי""ד']",5.0,0.0,0.0,0.0,5.0,1
"רי""ז","['רי""ז']",6.0,0.0,0.0,0.0,6.0,1
"רי""ל","['ברי""ל', 'הרי""ל']",14.0,0.0,0.0,0.0,14.0,2
"רי""ם","['הרי""ם']",34.0,0.0,0.0,0.0,34.0,1
"רי""מ","['הרי""מ']",11.0,0.0,0.0,0.0,11.0,1
"רי""ף","['והרי""ף', 'רי""ף', 'ברי""ף', 'לרי""ף', 'הרי""ף']",121.0,0.0,0.0,0.0,121.0,5
"רי""ש","['הרי""ש', 'רי""ש']",27.0,0.0,0.0,0.0,27.0,2
"ריב""ג","['ריב""ג']",6.0,0.0,0.0,0.0,6.0,1
"ריב""ז","['ריב""ז']",11.0,0.0,0.0,0.0,11.0,1
"ריב""ם","['ריב""ם']",5.0,0.0,0.0,0.0,5.0,1
"ריב""ן","['ריב""ן']",5.0,0.0,0.0,0.0,5.0,1
"ריב""ש","['הריב""ש']",14.0,0.0,0.0,0.0,14.0,1
"רידב""ז","['רידב""ז', 'הרידב""ז']",20.0,0.0,0.0,0.0,20.0,2
"ריה""ל","['ריה""ל']",59.0,0.0,0.0,0.0,59.0,1
"ריטב""א","['הריטב""א']",17.0,0.0,0.0,0.0,17.0,1
"ריצב""א","['הריצב""א']",4.0,0.0,0.0,0.0,4.0,1
"ריק""ם","['ריק""ם']",19.0,0.0,0.0,0.0,19.0,1
"רל""א","['רל""א']",4.0,0.0,0.0,0.0,4.0,1
"רל""ג","['רל""ג']",5.0,0.0,0.0,0.0,5.0,1
"רל""ה","['רל""ה']",5.0,0.0,0.0,0.0,5.0,1
"רלב""ג","['רלב""ג', 'לרלב""ג', 'הרלב""ג']",84.0,0.0,0.0,0.0,84.0,3
"רלב""ח","['הרלב""ח']",4.0,0.0,0.0,0.0,4.0,1
"רמ""א","['ברמ""א', 'שהרמ""א', 'לרמ""א', 'רמ""א', 'הרמ""א', 'והרמ""א']",171.0,4.0,0.0,0.0,175.0,6
"רמ""ד","['רמ""ד']",7.0,0.0,0.0,0.0,7.0,1
"רמ""ה","['הרמ""ה']",7.0,0.0,0.0,0.0,7.0,1
"רמ""ח","['רמ""ח']",27.0,0.0,0.0,0.0,27.0,1
"רמ""ט","['רמ""ט']",6.0,0.0,0.0,0.0,6.0,1
"רמ""מ","['רמ""מ']",4.0,0.0,0.0,0.0,4.0,1
"רמ""ק","['רמ""ק', 'הרמ""ק']",30.0,0.0,0.0,0.0,30.0,2
"רמב""י","['רמב""י']",6.0,0.0,0.0,0.0,6.0,1
"רמב""ם","['רמב""ם', 'לרמב""ם', 'כרמב""ם', 'ורמב""ם', 'שהרמב""ם', 'הרמב""ם', 'ברמב""ם']",1679.0,0.0,0.0,0.0,1679.0,7
"רמב""ן","['שהרמב""ן', 'והרמב""ן', 'ברמב""ן', 'לרמב""ן', 'רמב""ן', 'הרמב""ן', 'ורמב""ן']",484.0,0.0,0.0,0.0,484.0,7
"רמב""ע","['רמב""ע']",23.0,0.0,0.0,0.0,23.0,1
"רמבי""ש","['רמבי""ש']",10.0,0.0,0.0,0.0,10.0,1
"רמח""ל","['רמח""ל', 'והרמח""ל', 'הרמח""ל', 'לרמח""ל']",191.0,0.0,0.0,0.0,191.0,4
"רמטכ""ל","['כרמטכ""ל', 'והרמטכ""ל', 'רמטכ""ל', 'שהרמטכ""ל', 'ברמטכ""ל', 'לרמטכ""ל', 'מהרמטכ""ל', 'הרמטכ""ל']",1129.0,258.0,2.0,0.0,1389.0,8
"רמטכ""לים","['הרמטכ""לים', 'רמטכ""לים']",21.0,4.0,0.0,0.0,25.0,2
"רנ""א","['רנ""א', 'הרנ""א']",31.0,0.0,0.0,0.0,31.0,2
"רנ""ב","['רנ""ב']",11.0,0.0,0.0,0.0,11.0,1
"רנ""ג","['רנ""ג']",12.0,0.0,0.0,0.0,12.0,1
"רנ""ז","['רנ""ז']",5.0,0.0,0.0,0.0,5.0,1
"רנ""ק","['רנ""ק']",7.0,0.0,0.0,0.0,7.0,1
"רס""ב","['רס""ב']",9.0,0.0,0.0,0.0,9.0,1
"רס""ג","['לרס""ג', 'רס""ג', 'הרס""ג', 'ורס""ג']",252.0,0.0,0.0,0.0,252.0,4
"רס""ל","['רס""ל']",20.0,0.0,0.0,0.0,20.0,1
"רס""ם","['רס""ם']",6.0,0.0,0.0,0.0,6.0,1
"רס""ן","['ורס""ן', 'רס""ן']",150.0,7.0,0.0,0.0,157.0,2
"רס""ר","['רס""ר', 'הרס""ר']",33.0,0.0,1.0,0.0,34.0,2
"רסא""א","['רסא""א']",0.0,4.0,0.0,0.0,4.0,1
"רע""א","['רע""א']",4.0,0.0,0.0,0.0,4.0,1
"רע""ב","['רע""ב', 'הרע""ב']",15.0,0.0,0.0,0.0,15.0,2
"רע""ם","['הרע""ם', 'ורע""ם', 'רע""ם']",69.0,9.0,0.0,0.0,78.0,3
"רע""מ","['רע""מ', 'ורע""מ']",33.0,17.0,0.0,0.0,50.0,2
"רפ""ג","['רפ""ג']",6.0,0.0,0.0,0.0,6.0,1
"רפ""ד","['רפ""ד']",5.0,0.0,0.0,0.0,5.0,1
"רפ""י","['ורפ""י', 'לרפ""י', 'ברפ""י', 'רפ""י']",171.0,0.0,0.0,0.0,171.0,4
"רפא""ל","['רפא""ל']",37.0,1.0,0.0,0.0,38.0,1
"רצי""ה","['הרצי""ה']",118.0,0.0,0.0,0.0,118.0,1
"רק""ח","['רק""ח']",40.0,0.0,0.0,0.0,40.0,1
"רק""ם","['רק""ם', 'והרק""ם', 'הרק""ם', 'ורק""ם', 'לרק""ם']",79.0,9.0,0.0,0.0,88.0,5
"רק""מ","['הרק""מ', 'ורק""מ', 'רק""מ']",37.0,1.0,0.0,0.0,38.0,3
"ררנ""ט","['ררנ""ט']",4.0,0.0,0.0,0.0,4.0,1
"רש""י","['מרש""י', 'שרש""י', 'רש""י', 'ורש""י', 'ברש""י', 'לרש""י']",859.0,0.0,0.0,0.0,859.0,6
"רש""ל","['מרש""ל', 'רש""ל']",15.0,0.0,0.0,0.0,15.0,2
"רש""פ","['ברש""פ']",1.0,3.0,0.0,0.0,4.0,1
"רש""ק","['רש""ק']",25.0,6.0,0.0,0.0,31.0,1
"רש""ר","['הרש""ר', 'רש""ר']",58.0,0.0,0.0,0.0,58.0,2
"רש""ש","['הרש""ש', 'והרש""ש']",27.0,0.0,0.0,0.0,27.0,2
"רשב""א","['רשב""א', 'והרשב""א', 'לרשב""א']",16.0,0.0,0.0,0.0,16.0,3
"רשב""ח","['רשב""ח']",4.0,0.0,0.0,0.0,4.0,1
"רשב""י","['רשב""י', 'הרשב""י', 'לרשב""י']",120.0,0.0,0.0,0.0,120.0,3
"רשב""ם","['רשב""ם', 'לרשב""ם', 'ורשב""ם', 'הרשב""ם']",102.0,0.0,0.0,0.0,102.0,4
"רשב""ץ","['הרשב""ץ']",19.0,0.0,0.0,0.0,19.0,1
"רשו""ת","['רשו""ת']",8.0,0.0,0.0,0.0,8.0,1
"ש""א","['ש""א']",6.0,0.0,0.0,0.0,6.0,1
"ש""ב","['לש""ב', 'הש""ב']",16.0,0.0,0.0,0.0,16.0,2
"ש""ג","['ש""ג', 'הש""ג']",13.0,0.0,1.0,0.0,14.0,2
"ש""ה","['ש""ה']",13.0,0.0,0.0,0.0,13.0,1
"ש""ז","['ש""ז']",16.0,0.0,0.0,0.0,16.0,1
"ש""ח","['ש""ח']",549.0,71.0,0.0,0.0,620.0,1
"ש""י","['ש""י', 'הש""י', 'בש""י', 'לש""י']",302.0,1.0,0.0,0.0,303.0,4
"ש""ך","['ש""ך', 'הש""ך']",35.0,0.0,0.0,0.0,35.0,2
"ש""ל","['ש""ל']",6.0,0.0,0.0,0.0,6.0,1
"ש""מ","['ש""מ']",15.0,0.0,0.0,0.0,15.0,1
"ש""ס","['הש""ס', 'לש""ס', 'מש""ס', 'וש""ס', 'ש""ס', 'בש""ס']",529.0,4.0,0.0,0.0,533.0,6
"ש""ץ","['הש""ץ', 'ש""ץ']",91.0,0.0,0.0,0.0,91.0,2
"ש""צ","['הש""צ', 'ש""צ']",22.0,0.0,0.0,0.0,22.0,2
"שאונר""א","['שאונר""א']",1.0,4.0,0.0,0.0,5.0,1
"שאש""ף","['שאש""ף']",6.0,0.0,0.0,0.0,6.0,1
"שאש""פ","['שאש""פ']",0.0,5.0,0.0,0.0,5.0,1
"שב""חים","['שב""חים', 'השב""חים']",3.0,16.0,0.0,0.0,19.0,2
"שב""כ","['השב""כ', 'בשב""כ', 'לשב""כ', 'מהשב""כ', 'שב""כ', 'והשב""כ', 'ולשב""כ', 'ושב""כ', 'שהשב""כ']",716.0,81.0,12.0,0.0,809.0,9
"שב""ס","['השב""ס', 'בשב""ס', 'שב""ס']",44.0,2.0,0.0,0.0,46.0,3
"שב""ק","['שב""ק']",7.0,0.0,0.0,0.0,7.0,1
"שג""ר","['שג""ר']",58.0,0.0,0.0,0.0,58.0,1
"שד""ל","['שד""ל']",37.0,0.0,0.0,0.0,37.0,1
"שד""ר","['השד""ר', 'שד""ר']",20.0,1.0,0.0,0.0,21.0,2
"שד""רים","['שד""רים']",5.0,0.0,0.0,0.0,5.0,1
"שה""ם","['שה""ם']",7.0,0.0,0.0,0.0,7.0,1
"שה""מ","['שה""מ']",4.0,0.0,0.0,0.0,4.0,1
"שו""ב","['והשו""ב', 'שו""ב']",20.0,0.0,0.0,0.0,20.0,2
"שו""ם","['שו""ם']",7.0,0.0,0.0,0.0,7.0,1
"שו""ע","['שו""ע', 'השו""ע', 'בשו""ע', 'ושו""ע']",30.0,0.0,0.0,0.0,30.0,4
"שו""ת","['ושו""ת', 'שו""ת', 'השו""ת', 'בשו""ת', 'לשו""ת']",433.0,0.0,0.0,0.0,433.0,5
"שו""תים","['שו""תים']",9.0,0.0,0.0,0.0,9.0,1
"שז""ר","['שז""ר']",28.0,0.0,0.0,0.0,28.0,1
"שח""ל","['שח""ל']",9.0,0.0,0.0,0.0,9.0,1
"שח""ם","['שח""ם', 'השח""ם']",24.0,0.0,0.0,0.0,24.0,2
"שח""מ","['שח""מ']",3.0,2.0,0.0,0.0,5.0,1
"שח""ר","['ושח""ר', 'שח""ר']",17.0,0.0,0.0,0.0,17.0,2
"שט""ו","['שט""ו']",8.0,0.0,0.0,0.0,8.0,1
"שי""ח","['שי""ח']",8.0,0.0,0.0,0.0,8.0,1
"שי""ן","['שי""ן', 'השי""ן', 'בשי""ן']",34.0,0.0,0.0,0.0,34.0,3
"שי""ר","['שי""ר']",15.0,0.0,0.0,0.0,15.0,1
"שכ""ץ","['שכ""ץ']",5.0,0.0,0.0,0.0,5.0,1
"שכב""ג","['שכב""ג']",4.0,0.0,0.0,0.0,4.0,1
"שכפ""ץ","['השכפ""ץ']",4.0,0.0,0.0,0.0,4.0,1
"שכפ""צ","['שכפ""צ']",4.0,0.0,0.0,0.0,4.0,1
"של""ג","['של""ג']",18.0,0.0,0.0,0.0,18.0,1
"של""ה","['של""ה', 'השל""ה', 'והשל""ה']",70.0,0.0,0.0,0.0,70.0,3
"של""ח","['של""ח']",27.0,0.0,0.0,0.0,27.0,1
"של""י","['של""י']",22.0,0.0,0.0,0.0,22.0,1
"של""ת","['של""ת', 'בשל""ת', 'השל""ת']",17.0,0.0,0.0,0.0,17.0,3
"שליט""א","['שליט""א']",16.0,0.0,0.0,0.0,16.0,1
"שלצה""ל","['שלצה""ל']",1.0,5.0,0.0,0.0,6.0,1
"שמ""א","['שמ""א']",9.0,0.0,0.0,0.0,9.0,1
"שמ""ב","['שמ""ב']",5.0,0.0,0.0,0.0,5.0,1
"שמ""ה","['שמ""ה']",4.0,0.0,0.0,0.0,4.0,1
"שמ""ט","['שמ""ט']",7.0,0.0,0.0,0.0,7.0,1
"שמ""ר","['שמ""ר']",8.0,0.0,0.0,0.0,8.0,1
"שמפ""ם","['שמפ""ם']",4.0,0.0,0.0,0.0,4.0,1
"שנאט""ו","['שנאט""ו']",3.0,2.0,0.0,0.0,5.0,1
"שס""ה","['שס""ה']",8.0,0.0,0.0,0.0,8.0,1
"שסה""כ","['שסה""כ']",4.0,0.0,0.0,0.0,4.0,1
"שפ""ו","['שפ""ו']",8.0,0.0,0.0,0.0,8.0,1
"שפ""י","['שפ""י']",5.0,0.0,0.0,0.0,5.0,1
"שפד""ן","['בשפד""ן', 'השפד""ן']",21.0,0.0,0.0,0.0,21.0,2
"שפיפ""א","['שפיפ""א']",5.0,0.0,0.0,0.0,5.0,1
"שק""ד","['שק""ד']",4.0,0.0,0.0,0.0,4.0,1
"שרמב""ן","['שרמב""ן']",10.0,0.0,0.0,0.0,10.0,1
"שש""ז","['שש""ז', 'ושש""ז', 'לשש""ז']",288.0,0.0,0.0,0.0,288.0,3
"שת""פ","['בשת""פ', 'לשת""פ', 'שת""פ']",12.0,6.0,0.0,0.0,18.0,3
"ת""א","['ות""א', 'לת""א', 'בת""א', 'ת""א', 'מת""א']",256.0,3.0,0.0,0.0,259.0,5
"ת""ו","['ת""ו']",12.0,0.0,0.0,0.0,12.0,1
"ת""ח","['ת""ח']",45.0,0.0,0.0,0.0,45.0,1
"ת""ט","['ות""ט', 'ת""ט']",40.0,0.0,0.0,0.0,40.0,2
"ת""י","['ת""י']",25.0,1.0,0.0,0.0,26.0,1
"ת""כ","['ת""כ']",5.0,0.0,0.0,0.0,5.0,1
"ת""ל","['בת""ל', 'ת""ל']",10.0,0.0,0.0,0.0,10.0,2
"ת""נ","['ת""נ']",4.0,0.0,0.0,0.0,4.0,1
"ת""ס","['ת""ס']",21.0,0.0,0.0,0.0,21.0,1
"ת""ע","['ת""ע']",6.0,0.0,0.0,0.0,6.0,1
"ת""פ","['ת""פ']",16.0,0.0,0.0,0.0,16.0,1
"ת""ץ","['ת""ץ']",4.0,0.0,0.0,0.0,4.0,1
"ת""ק","['ת""ק']",11.0,0.0,0.0,0.0,11.0,1
"ת""ר","['ת""ר']",20.0,0.0,0.0,0.0,20.0,1
"ת""ש","['ת""ש']",78.0,0.0,0.0,1.0,79.0,1
"ת""ת","['ת""ת']",13.0,0.0,0.0,0.0,13.0,1
"תא""ל","['ותא""ל', 'לתא""ל', 'תָאָ""ל', 'תא""ל']",167.0,30.0,0.0,0.0,197.0,4
"תאג""ד","['תאג""ד']",4.0,0.0,0.0,0.0,4.0,1
"תאר""ן","['תאר""ן']",4.0,0.0,0.0,0.0,4.0,1
"תב""ע","['תב""ע']",11.0,0.0,0.0,0.0,11.0,1
"תה""ל","['תה""ל']",8.0,0.0,0.0,0.0,8.0,1
"תהיל""ה","['תהיל""ה']",7.0,0.0,0.0,0.0,7.0,1
"תהל""ה","['תהל""ה']",4.0,0.0,0.0,0.0,4.0,1
"תו""ל","['בתו""ל', 'תו""ל']",11.0,0.0,0.0,0.0,11.0,2
"תוה""ד","['תוה""ד']",4.0,2.0,0.0,0.0,6.0,1
"תול""רים","['תול""רים']",6.0,0.0,0.0,0.0,6.0,1
"תומ""ת","['תומ""ת', 'התומ""ת']",36.0,0.0,0.0,0.0,36.0,2
"תומ""תים","['התומ""תים', 'תומ""תים']",24.0,0.0,0.0,0.0,24.0,2
"תושב""ע","['תושב""ע']",8.0,0.0,0.0,0.0,8.0,1
"תי""א","['תי""א']",4.0,0.0,0.0,0.0,4.0,1
"תי""ו","['תי""ו']",6.0,0.0,0.0,0.0,6.0,1
"תכ""ו","['תכ""ו']",8.0,0.0,0.0,0.0,8.0,1
"תל""ג","['התל""ג', 'מהתל""ג', 'לתל""ג', 'תל""ג', 'בתל""ג', 'והתל""ג']",111.0,11.0,0.0,0.0,122.0,6
"תל""ז","['תל""ז']",7.0,0.0,0.0,0.0,7.0,1
"תל""י","['תל""י']",33.0,0.0,0.0,0.0,33.0,1
"תל""ם","['תל""ם']",26.0,0.0,0.0,0.0,26.0,1
"תמ""א","['תמ""א']",28.0,1.0,0.0,0.0,29.0,1
"תמ""ג","['שהתמ""ג', 'מהתמ""ג', 'לתמ""ג', 'והתמ""ג', 'בתמ""ג', 'התמ""ג', 'תמ""ג']",337.0,63.0,0.0,0.0,400.0,7
"תמ""ט","['תמ""ט']",5.0,0.0,0.0,0.0,5.0,1
"תמ""י","['תמ""י']",16.0,0.0,0.0,0.0,16.0,1
"תמ""ל","['תמ""ל']",7.0,0.0,0.0,0.0,7.0,1
"תמ""מ","['תמ""מ']",4.0,0.0,0.0,0.0,4.0,1
"תמ""ס","['התמ""ס', 'תמ""ס']",2.0,11.0,0.0,0.0,13.0,2
"תמ""ק","['תמ""ק']",5.0,0.0,0.0,0.0,5.0,1
"תמ""ת","['התמ""ת']",15.0,0.0,0.0,0.0,15.0,1
"תמי""ד","['מתמי""ד']",4.0,0.0,0.0,0.0,4.0,1
"תנ""ד","['תנ""ד']",4.0,0.0,0.0,0.0,4.0,1
"תנ""ה","['תנ""ה']",4.0,0.0,0.0,0.0,4.0,1
"תנ""ח","['תנ""ח']",4.0,0.0,0.0,0.0,4.0,1
"תנ""ך","['לתנ""ך', 'שבתנ""ך', 'והתנ""ך', 'שהתנ""ך', 'ותנ""ך', 'מהתנ""ך', 'תנ""ך', 'ובתנ""ך', 'כתנ""ך', 'בתנ""ך', 'התנ""ך']",2969.0,1.0,0.0,0.0,2970.0,11
"תנ""כי","['תנ""כי', 'התנ""כי']",123.0,0.0,0.0,0.0,123.0,2
"תנ""כיות","['תנ""כיות']",16.0,1.0,0.0,0.0,17.0,1
"תנ""כיים","['תנ""כיים', 'התנ""כיים']",44.0,0.0,0.0,0.0,44.0,2
"תנ""כית","['תנ""כית', 'התנ""כית']",49.0,2.0,0.0,0.0,51.0,2
"תנכ""י","['תנכ""י', 'התנכ""י']",28.0,0.0,0.0,0.0,28.0,2
"תע""א","['התע""א']",4.0,0.0,0.0,0.0,4.0,1
"תע""ל","['תע""ל', 'ותע""ל']",65.0,16.0,0.0,0.0,81.0,2
"תע""ש","['התע""ש', 'תע""ש']",56.0,0.0,0.0,0.0,56.0,2
"תפ""ד","['תפ""ד']",4.0,0.0,0.0,0.0,4.0,1
"תפ""ז","['תפ""ז']",6.0,0.0,0.0,0.0,6.0,1
"תפ""ש","['מתפ""ש']",1.0,5.0,0.0,0.0,6.0,1
"תפו""א","['תפו""א']",4.0,0.0,0.0,0.0,4.0,1
"תצ""א","['תצ""א']",4.0,0.0,0.0,0.0,4.0,1
"תצ""ד","['תצ""ד']",4.0,0.0,0.0,0.0,4.0,1
"תצ""ו","['תצ""ו']",5.0,0.0,0.0,0.0,5.0,1
"תצ""ט","['תצ""ט']",5.0,0.0,0.0,0.0,5.0,1
"תק""א","['תק""א']",6.0,0.0,0.0,0.0,6.0,1
"תק""ב","['תק""ב']",4.0,0.0,0.0,0.0,4.0,1
"תק""ג","['תק""ג']",6.0,0.0,0.0,0.0,6.0,1
"תק""ד","['תק""ד']",8.0,0.0,0.0,0.0,8.0,1
"תק""ה","['תק""ה']",5.0,0.0,0.0,0.0,5.0,1
"תק""ח","['תק""ח']",4.0,0.0,0.0,0.0,4.0,1
"תק""י","['תק""י']",4.0,0.0,0.0,0.0,4.0,1
"תק""ם","['תק""ם', 'התק""ם', 'לתק""ם']",52.0,0.0,0.0,0.0,52.0,3
"תק""מ","['תק""מ', 'התק""מ']",9.0,0.0,0.0,0.0,9.0,2
"תק""ן","['תק""ן']",4.0,0.0,0.0,0.0,4.0,1
"תק""ס","['תק""ס']",6.0,0.0,0.0,0.0,6.0,1
"תק""ע","['תק""ע']",12.0,0.0,0.0,0.0,12.0,1
"תק""פ","['תק""פ']",4.0,0.0,0.0,0.0,4.0,1
"תק""ץ","['תק""ץ']",4.0,0.0,0.0,0.0,4.0,1
"תקט""ו","['תקט""ו']",7.0,0.0,0.0,0.0,7.0,1
"תקט""ז","['תקט""ז']",4.0,0.0,0.0,0.0,4.0,1
"תקי""ג","['תקי""ג']",4.0,0.0,0.0,0.0,4.0,1
"תקכ""א","['תקכ""א']",6.0,0.0,0.0,0.0,6.0,1
"תקכ""ג","['תקכ""ג']",4.0,0.0,0.0,0.0,4.0,1
"תקכ""ד","['תקכ""ד']",4.0,0.0,0.0,0.0,4.0,1
"תקכ""ז","['תקכ""ז']",4.0,0.0,0.0,0.0,4.0,1
"תקל""א","['תקל""א']",5.0,0.0,0.0,0.0,5.0,1
"תקל""ב","['תקל""ב']",8.0,0.0,0.0,0.0,8.0,1
"תקל""ג","['תקל""ג']",7.0,0.0,0.0,0.0,7.0,1
"תקל""ד","['תקל""ד']",6.0,0.0,0.0,0.0,6.0,1
"תקל""ו","['תקל""ו']",4.0,0.0,0.0,0.0,4.0,1
"תקל""ז","['תקל""ז']",6.0,0.0,0.0,0.0,6.0,1
"תקל""ח","['תקל""ח']",5.0,0.0,0.0,0.0,5.0,1
"תקמ""א","['תקמ""א']",5.0,0.0,0.0,0.0,5.0,1
"תקמ""ב","['תקמ""ב']",9.0,0.0,0.0,0.0,9.0,1
"תקמ""ו","['תקמ""ו']",8.0,0.0,0.0,0.0,8.0,1
"תקמ""ז","['תקמ""ז']",4.0,0.0,0.0,0.0,4.0,1
"תקמ""ח","['תקמ""ח']",9.0,0.0,0.0,0.0,9.0,1
"תקמ""ט","['תקמ""ט']",6.0,0.0,0.0,0.0,6.0,1
"תקנ""ב","['תקנ""ב']",4.0,0.0,0.0,0.0,4.0,1
"תקנ""ג","['תקנ""ג']",4.0,0.0,0.0,0.0,4.0,1
"תקנ""ד","['תקנ""ד']",4.0,0.0,0.0,0.0,4.0,1
"תקנ""ו","['תקנ""ו']",5.0,0.0,0.0,0.0,5.0,1
"תקנ""ז","['תקנ""ז']",6.0,0.0,0.0,0.0,6.0,1
"תקנ""ח","['תקנ""ח']",11.0,0.0,0.0,0.0,11.0,1
"תקנ""ט","['תקנ""ט']",8.0,0.0,0.0,0.0,8.0,1
"תקס""א","['תקס""א']",5.0,0.0,0.0,0.0,5.0,1
"תקס""ב","['תקס""ב']",5.0,0.0,0.0,0.0,5.0,1
"תקס""ג","['תקס""ג']",8.0,0.0,0.0,0.0,8.0,1
"תקס""ד","['תקס""ד']",6.0,0.0,0.0,0.0,6.0,1
"תקס""ה","['תקס""ה']",4.0,0.0,0.0,0.0,4.0,1
"תקס""ו","['תקס""ו']",8.0,0.0,0.0,0.0,8.0,1
"תקס""ח","['תקס""ח']",6.0,0.0,0.0,0.0,6.0,1
"תקע""א","['תקע""א']",7.0,0.0,0.0,0.0,7.0,1
"תקע""ב","['תקע""ב']",4.0,0.0,0.0,0.0,4.0,1
"תקע""ג","['תקע""ג']",7.0,0.0,0.0,0.0,7.0,1
"תקע""ד","['תקע""ד']",7.0,0.0,0.0,0.0,7.0,1
"תקע""ה","['תקע""ה']",5.0,0.0,0.0,0.0,5.0,1
"תקע""ו","['תקע""ו']",6.0,0.0,0.0,0.0,6.0,1
"תקע""ט","['תקע""ט']",4.0,0.0,0.0,0.0,4.0,1
"תקפ""א","['תקפ""א']",7.0,0.0,0.0,0.0,7.0,1
"תקפ""ד","['תקפ""ד']",7.0,0.0,0.0,0.0,7.0,1
"תקפ""ה","['תקפ""ה']",5.0,0.0,0.0,0.0,5.0,1
"תקפ""ז","['תקפ""ז']",6.0,0.0,0.0,0.0,6.0,1
"תקפ""ח","['תקפ""ח']",10.0,0.0,0.0,0.0,10.0,1
"תקפ""ט","['תקפ""ט']",12.0,0.0,0.0,0.0,12.0,1
"תקצ""ב","['תקצ""ב']",4.0,0.0,0.0,0.0,4.0,1
"תקצ""ו","['תקצ""ו']",7.0,0.0,0.0,0.0,7.0,1
"תקצ""ז","['תקצ""ז']",19.0,0.0,0.0,0.0,19.0,1
"תקצ""ח","['תקצ""ח']",4.0,0.0,0.0,0.0,4.0,1
"תקצ""ט","['תקצ""ט']",10.0,0.0,0.0,0.0,10.0,1
"תקש""ח","['תקש""ח']",0.0,7.0,0.0,0.0,7.0,1
"תר""א","['תר""א']",8.0,0.0,0.0,0.0,8.0,1
"תר""ג","['תר""ג']",9.0,0.0,0.0,0.0,9.0,1
"תר""ה","['תר""ה']",4.0,0.0,0.0,0.0,4.0,1
"תר""ז","['תר""ז']",8.0,0.0,0.0,0.0,8.0,1
"תר""ח","['תר""ח']",4.0,0.0,0.0,0.0,4.0,1
"תר""ט","['תר""ט']",4.0,0.0,0.0,0.0,4.0,1
"תר""ך","['תר""ך']",7.0,0.0,0.0,0.0,7.0,1
"תר""כ","['תר""כ']",4.0,0.0,0.0,0.0,4.0,1
"תר""ל","['תר""ל']",18.0,0.0,0.0,0.0,18.0,1
"תר""ם","['תר""ם']",10.0,0.0,0.0,0.0,10.0,1
"תר""מ","['תר""מ']",9.0,0.0,0.0,0.0,9.0,1
"תר""ן","['תר""ן']",27.0,0.0,0.0,0.0,27.0,1
"תר""נ","['תר""נ']",5.0,0.0,0.0,0.0,5.0,1
"תר""ס","['תר""ס']",21.0,0.0,0.0,0.0,21.0,1
"תר""ע","['תר""ע']",41.0,0.0,0.0,0.0,41.0,1
"תר""ף","['תר""ף']",28.0,0.0,0.0,0.0,28.0,1
"תר""פ","['בתר""פ', 'תר""פ']",78.0,0.0,0.0,0.0,78.0,2
"תר""ץ","['תר""ץ']",46.0,0.0,0.0,0.0,46.0,1
"תר""צ","['תר""צ']",9.0,0.0,0.0,0.0,9.0,1
"תר""ש","['תר""ש', 'התר""ש']",2.0,20.0,0.0,0.0,22.0,2
"תרט""ו","['תרט""ו']",15.0,0.0,0.0,0.0,15.0,1
"תרט""ז","['תרט""ז']",5.0,0.0,0.0,0.0,5.0,1
"תרי""א","['תרי""א']",7.0,0.0,0.0,0.0,7.0,1
"תרי""ב","['תרי""ב']",4.0,0.0,0.0,0.0,4.0,1
"תרי""ג","['תרי""ג', 'מתרי""ג']",80.0,0.0,0.0,0.0,80.0,2
"תרי""ד","['תרי""ד']",10.0,0.0,0.0,0.0,10.0,1
"תרי""ז","['תרי""ז']",6.0,0.0,0.0,0.0,6.0,1
"תרי""ח","['תרי""ח']",12.0,0.0,0.0,0.0,12.0,1
"תרי""ט","['תרי""ט']",12.0,0.0,0.0,0.0,12.0,1
"תרכ""א","['תרכ""א']",8.0,0.0,0.0,0.0,8.0,1
"תרכ""ב","['תרכ""ב']",5.0,0.0,0.0,0.0,5.0,1
"תרכ""ג","['תרכ""ג']",8.0,0.0,0.0,0.0,8.0,1
"תרכ""ד","['תרכ""ד']",11.0,0.0,0.0,0.0,11.0,1
"תרכ""ה","['תרכ""ה']",17.0,0.0,0.0,0.0,17.0,1
"תרכ""ו","['תרכ""ו']",21.0,0.0,0.0,0.0,21.0,1
"תרכ""ז","['תרכ""ז']",14.0,0.0,0.0,0.0,14.0,1
"תרכ""ט","['תרכ""ט']",16.0,0.0,0.0,0.0,16.0,1
"תרל""א","['תרל""א']",10.0,0.0,0.0,0.0,10.0,1
"תרל""ב","['תרל""ב']",15.0,0.0,0.0,0.0,15.0,1
"תרל""ג","['תרל""ג']",13.0,0.0,0.0,0.0,13.0,1
"תרל""ד","['תרל""ד']",12.0,0.0,0.0,0.0,12.0,1
"תרל""ה","['תרל""ה']",14.0,0.0,0.0,0.0,14.0,1
"תרל""ו","['תרל""ו']",9.0,0.0,0.0,0.0,9.0,1
"תרל""ז","['תרל""ז']",4.0,0.0,0.0,0.0,4.0,1
"תרל""ח","['תרל""ח']",13.0,0.0,0.0,0.0,13.0,1
"תרל""ט","['תרל""ט']",16.0,0.0,0.0,0.0,16.0,1
"תרמ""א","['תרמ""א']",19.0,0.0,0.0,0.0,19.0,1
"תרמ""ב","['תרמ""ב']",46.0,0.0,0.0,0.0,46.0,1
"תרמ""ג","['תרמ""ג']",36.0,0.0,0.0,0.0,36.0,1
"תרמ""ד","['תרמ""ד']",24.0,0.0,0.0,0.0,24.0,1
"תרמ""ה","['תרמ""ה']",17.0,0.0,0.0,0.0,17.0,1
"תרמ""ו","['תרמ""ו']",29.0,0.0,0.0,0.0,29.0,1
"תרמ""ז","['תרמ""ז']",27.0,0.0,0.0,0.0,27.0,1
"תרמ""ח","['תרמ""ח']",23.0,0.0,0.0,0.0,23.0,1
"תרמ""ט","['תרמ""ט']",36.0,0.0,0.0,0.0,36.0,1
"תרנ""א","['תרנ""א']",24.0,0.0,0.0,0.0,24.0,1
"תרנ""ב","['תרנ""ב']",22.0,0.0,0.0,0.0,22.0,1
"תרנ""ג","['תרנ""ג']",23.0,0.0,0.0,0.0,23.0,1
"תרנ""ד","['תרנ""ד']",16.0,0.0,0.0,0.0,16.0,1
"תרנ""ה","['תרנ""ה']",17.0,0.0,0.0,0.0,17.0,1
"תרנ""ו","['תרנ""ו']",33.0,0.0,0.0,0.0,33.0,1
"תרנ""ז","['תרנ""ז']",25.0,0.0,0.0,0.0,25.0,1
"תרנ""ח","['תרנ""ח']",17.0,0.0,0.0,0.0,17.0,1
"תרנ""ט","['תרנ""ט']",24.0,0.0,0.0,0.0,24.0,1
"תרס""א","['תרס""א']",16.0,0.0,0.0,0.0,16.0,1
"תרס""ב","['תרס""ב']",33.0,0.0,0.0,0.0,33.0,1
"תרס""ג","['תרס""ג']",34.0,0.0,0.0,0.0,34.0,1
"תרס""ד","['תרס""ד']",39.0,0.0,0.0,0.0,39.0,1
"תרס""ה","['תרס""ה']",38.0,0.0,0.0,0.0,38.0,1
"תרס""ו","['תרס""ו']",35.0,0.0,0.0,0.0,35.0,1
"תרס""ז","['תרס""ז']",27.0,0.0,0.0,0.0,27.0,1
"תרס""ח","['תרס""ח']",27.0,0.0,0.0,0.0,27.0,1
"תרס""ט","['תרס""ט']",40.0,0.0,0.0,0.0,40.0,1
"תרע""א","['תרע""א']",43.0,0.0,0.0,0.0,43.0,1
"תרע""ב","['תרע""ב']",44.0,0.0,0.0,0.0,44.0,1
"תרע""ג","['תרע""ג']",44.0,0.0,0.0,0.0,44.0,1
"תרע""ד","['תרע""ד']",49.0,0.0,0.0,0.0,49.0,1
"תרע""ה","['תרע""ה']",26.0,0.0,0.0,0.0,26.0,1
"תרע""ו","['תרע""ו']",23.0,0.0,0.0,0.0,23.0,1
"תרע""ז","['תרע""ז']",28.0,0.0,0.0,0.0,28.0,1
"תרע""ח","['תרע""ח']",48.0,0.0,0.0,0.0,48.0,1
"תרע""ט","['תרע""ט']",29.0,0.0,0.0,0.0,29.0,1
"תרפ""א","['תרפ""א']",121.0,0.0,0.0,0.0,121.0,1
"תרפ""ב","['תרפ""ב']",73.0,0.0,0.0,0.0,73.0,1
"תרפ""ג","['תרפ""ג']",77.0,0.0,0.0,0.0,77.0,1
"תרפ""ד","['תרפ""ד']",87.0,0.0,0.0,0.0,87.0,1
"תרפ""ה","['תרפ""ה']",57.0,0.0,0.0,0.0,57.0,1
"תרפ""ו","['תרפ""ו']",48.0,0.0,0.0,0.0,48.0,1
"תרפ""ז","['תרפ""ז']",51.0,0.0,0.0,0.0,51.0,1
"תרפ""ח","['תרפ""ח']",69.0,0.0,0.0,0.0,69.0,1
"תרפ""ט","['תרפ""ט', 'בתרפ""ט']",261.0,1.0,0.0,0.0,262.0,2
"תרצ""א","['תרצ""א']",46.0,0.0,0.0,0.0,46.0,1
"תרצ""ב","['תרצ""ב']",54.0,0.0,0.0,0.0,54.0,1
"תרצ""ג","['תרצ""ג']",42.0,0.0,0.0,0.0,42.0,1
"תרצ""ד","['תרצ""ד']",65.0,0.0,0.0,0.0,65.0,1
"תרצ""ה","['תרצ""ה']",87.0,0.0,0.0,0.0,87.0,1
"תרצ""ו","['תרצ""ו']",163.0,0.0,0.0,0.0,163.0,1
"תרצ""ז","['תרצ""ז']",109.0,0.0,0.0,0.0,109.0,1
"תרצ""ח","['תרצ""ח']",80.0,0.0,0.0,0.0,80.0,1
"תרצ""ט","['תרצ""ט']",125.0,0.0,0.0,0.0,125.0,1
"תש""א","['תש""א']",56.0,0.0,0.0,0.0,56.0,1
"תש""ב","['תש""ב']",94.0,0.0,0.0,0.0,94.0,1
"תש""ג","['תש""ג']",89.0,0.0,0.0,0.0,89.0,1
"תש""ד","['תש""ד']",84.0,0.0,0.0,0.0,84.0,1
"תש""ה","['תש""ה']",81.0,0.0,0.0,0.0,81.0,1
"תש""ו","['תש""ו']",96.0,0.0,0.0,0.0,96.0,1
"תש""ז","['תש""ז']",137.0,0.0,0.0,0.0,137.0,1
"תש""ח","['תש""ח', 'בתש""ח']",282.0,0.0,0.0,0.0,282.0,2
"תש""ט","['תש""ט', 'התש""ט']",115.0,0.0,0.0,0.0,115.0,2
"תש""י","['תש""י', 'התש""י']",137.0,0.0,0.0,0.0,137.0,2
"תש""ך","['תש""ך']",90.0,0.0,0.0,0.0,90.0,1
"תש""כ","['תש""כ']",10.0,0.0,0.0,0.0,10.0,1
"תש""ל","['תש""ל']",125.0,0.0,0.0,0.0,125.0,1
"תש""ם","['תש""ם']",93.0,0.0,0.0,0.0,93.0,1
"תש""מ","['תש""מ']",44.0,0.0,0.0,0.0,44.0,1
"תש""ן","['התש""ן', 'תש""ן']",121.0,0.0,0.0,0.0,121.0,2
"תש""נ","['תש""נ']",10.0,0.0,0.0,0.0,10.0,1
"תש""ס","['תש""ס']",190.0,0.0,0.0,0.0,190.0,1
"תש""ע","['תש""ע', 'התש""ע']",220.0,0.0,0.0,0.0,220.0,2
"תש""ף","['תש""ף']",68.0,0.0,0.0,0.0,68.0,1
"תש""פ","['תש""פ']",50.0,0.0,0.0,0.0,50.0,1
"תשב""ץ","['תשב""ץ', 'התשב""ץ']",16.0,0.0,0.0,0.0,16.0,2
"תשט""ו","['תשט""ו', 'התשט""ו']",116.0,0.0,0.0,0.0,116.0,2
"תשט""ז","['תשט""ז']",92.0,0.0,0.0,0.0,92.0,1
"תשי""א","['התשי""א', 'תשי""א']",100.0,0.0,0.0,0.0,100.0,2
"תשי""ב","['תשי""ב']",99.0,3.0,0.0,0.0,102.0,1
"תשי""ג","['תשי""ג']",82.0,1.0,0.0,0.0,83.0,1
"תשי""ד","['תשי""ד']",99.0,0.0,0.0,0.0,99.0,1
"תשי""ז","['תשי""ז']",91.0,0.0,0.0,0.0,91.0,1
"תשי""ח","['תשי""ח']",95.0,0.0,0.0,0.0,95.0,1
"תשי""ט","['תשי""ט', 'התשי""ט']",115.0,0.0,0.0,0.0,115.0,2
"תשכ""א","['תשכ""א']",79.0,0.0,0.0,0.0,79.0,1
"תשכ""ב","['תשכ""ב']",78.0,0.0,0.0,0.0,78.0,1
"תשכ""ג","['תשכ""ג']",78.0,0.0,0.0,0.0,78.0,1
"תשכ""ד","['תשכ""ד']",107.0,0.0,0.0,0.0,107.0,1
"תשכ""ה","['תשכ""ה']",110.0,0.0,0.0,0.0,110.0,1
"תשכ""ו","['תשכ""ו']",77.0,0.0,0.0,0.0,77.0,1
"תשכ""ז","['תשכ""ז']",123.0,0.0,0.0,0.0,123.0,1
"תשכ""ח","['תשכ""ח']",125.0,0.0,0.0,0.0,125.0,1
"תשכ""ט","['תשכ""ט']",123.0,0.0,0.0,0.0,123.0,1
"תשל""א","['תשל""א']",107.0,0.0,0.0,0.0,107.0,1
"תשל""ב","['תשל""ב']",134.0,0.0,0.0,0.0,134.0,1
"תשל""ג","['תשל""ג']",150.0,0.0,0.0,0.0,150.0,1
"תשל""ד","['תשל""ד']",124.0,1.0,0.0,0.0,125.0,1
"תשל""ה","['תשל""ה']",99.0,0.0,0.0,0.0,99.0,1
"תשל""ו","['תשל""ו']",127.0,0.0,0.0,0.0,127.0,1
"תשל""ז","['תשל""ז']",140.0,0.0,0.0,0.0,140.0,1
"תשל""ח","['תשל""ח']",148.0,0.0,0.0,0.0,148.0,1
"תשל""ט","['תשל""ט']",124.0,0.0,0.0,0.0,124.0,1
"תשמ""א","['תשמ""א']",148.0,0.0,0.0,0.0,148.0,1
"תשמ""ב","['תשמ""ב']",136.0,0.0,0.0,0.0,136.0,1
"תשמ""ג","['התשמ""ג', 'תשמ""ג']",194.0,0.0,0.0,0.0,194.0,2
"תשמ""ד","['תשמ""ד']",134.0,0.0,0.0,0.0,134.0,1
"תשמ""ה","['תשמ""ה']",137.0,0.0,0.0,0.0,137.0,1
"תשמ""ו","['תשמ""ו']",133.0,0.0,0.0,0.0,133.0,1
"תשמ""ז","['תשמ""ז']",128.0,0.0,0.0,0.0,128.0,1
"תשמ""ח","['תשמ""ח']",163.0,0.0,0.0,0.0,163.0,1
"תשמ""ט","['תשמ""ט']",151.0,0.0,0.0,0.0,151.0,1
"תשמו""ץ","['תשמו""ץ']",4.0,0.0,0.0,0.0,4.0,1
"תשנ""א","['תשנ""א']",134.0,0.0,0.0,0.0,134.0,1
"תשנ""ב","['תשנ""ב']",167.0,0.0,0.0,0.0,167.0,1
"תשנ""ג","['תשנ""ג']",160.0,0.0,0.0,0.0,160.0,1
"תשנ""ד","['תשנ""ד']",156.0,0.0,0.0,0.0,156.0,1
"תשנ""ה","['תשנ""ה']",148.0,0.0,0.0,0.0,148.0,1
"תשנ""ו","['תשנ""ו']",147.0,0.0,0.0,0.0,147.0,1
"תשנ""ז","['תשנ""ז']",175.0,0.0,0.0,0.0,175.0,1
"תשנ""ח","['תשנ""ח']",185.0,0.0,0.0,0.0,185.0,1
"תשנ""ט","['תשנ""ט']",175.0,0.0,0.0,0.0,175.0,1
"תשס""א","['תשס""א']",188.0,1.0,0.0,0.0,189.0,1
"תשס""ב","['תשס""ב']",199.0,0.0,0.0,0.0,199.0,1
"תשס""ג","['תשס""ג']",188.0,0.0,0.0,0.0,188.0,1
"תשס""ד","['תשס""ד']",214.0,1.0,0.0,0.0,215.0,1
"תשס""ה","['תשס""ה']",216.0,0.0,0.0,0.0,216.0,1
"תשס""ו","['תשס""ו']",206.0,0.0,0.0,0.0,206.0,1
"תשס""ז","['תשס""ז']",211.0,0.0,0.0,0.0,211.0,1
"תשס""ח","['תשס""ח']",231.0,0.0,0.0,0.0,231.0,1
"תשס""ט","['תשס""ט']",201.0,0.0,0.0,0.0,201.0,1
"תשע""א","['בתשע""א', 'תשע""א']",240.0,1.0,0.0,0.0,241.0,2
"תשע""ב","['תשע""ב']",208.0,0.0,0.0,0.0,208.0,1
"תשע""ג","['תשע""ג']",226.0,0.0,0.0,0.0,226.0,1
"תשע""ד","['תשע""ד']",188.0,0.0,0.0,0.0,188.0,1
"תשע""ה","['תשע""ה']",161.0,0.0,0.0,0.0,161.0,1
"תשע""ו","['תשע""ו', 'בתשע""ו']",151.0,0.0,0.0,0.0,151.0,2
"תשע""ז","['תשע""ז', 'בתשע""ז']",143.0,1.0,0.0,0.0,144.0,2
"תשע""ח","['תשע""ח', 'בתשע""ח']",171.0,1.0,0.0,0.0,172.0,2
"תשע""ט","['תשע""ט']",137.0,0.0,0.0,0.0,137.0,1
"תשפ""א","['תשפ""א', 'התשפ""א']",149.0,1.0,0.0,0.0,150.0,2
"תשפ""ב","['תשפ""ב']",129.0,0.0,0.0,0.0,129.0,1
"תשפ""ג","['התשפ""ג', 'תשפ""ג']",119.0,0.0,0.0,0.0,119.0,2
"תשפ""ד","['תשפ""ד']",24.0,0.0,0.0,0.0,24.0,1
"תשפ""ח","['תשפ""ח']",8.0,0.0,0.0,0.0,8.0,1
"תשצ""ח","['תשצ""ח']",7.0,0.0,0.0,0.0,7.0,1
"תשר""ק","['תשר""ק']",4.0,0.0,0.0,0.0,4.0,1
"תשר""ת","['תשר""ת']",4.0,0.0,0.0,0.0,4.0,1
"תת""ל","['תת""ל']",10.0,0.0,0.0,0.0,10.0,1
"תת""ק","['תת""ק']",5.0,0.0,0.0,0.0,5.0,1
"תתכ""ז","['תתכ""ז']",4.0,0.0,0.0,0.0,4.0,1
"תתמ""ט","['תתמ""ט']",4.0,0.0,0.0,0.0,4.0,1
"תתנ""ו","['תתנ""ו']",25.0,0.0,0.0,0.0,25.0,1
"תתק""פ","['תתק""פ']",4.0,0.0,0.0,0.0,4.0,1
"תתקל""א","['תתקל""א']",4.0,0.0,0.0,0.0,4.0,1
"תתקמ""ח","['תתקמ""ח']",5.0,0.0,0.0,0.0,5.0,1
